id,grades,schooltype,urbanicity,female,exp,ooo,group,sel
R_T7cXtM0IGHoghNL,0,1,3,1,3,0,0,0
R_2QPP17vXIL3qJwC,2,1,1,0,8,0,0,0
R_33shvfvzU8hvJNd,2,1,1,1,10,0,1,0
R_2VxVUH6cwffwa3Q,3,1,2,1,3,0,0,0
R_1n6LfjiJvlKXw0f,0,1,1,1,5,1,1,0
R_3fTqw8dmEKImART,2,1,3,1,7,0,1,0
R_1Gxduq8apuCFhr3,2,1,2,1,9,1,1,1
R_1ezwLEmxqeV2Smy,2,1,3,1,10,0,0,0
R_10VtAAHHz4RTNBB,2,1,2,0,9,0,1,0
R_12tohnq0mATGBZN,3,2,1,1,13,1,1,0
R_2AZ28aZTFVfXr6j,3,1,1,1,2,1,1,0
R_1PS39JdOKBMeoeA,0,2,1,0,28,0,1,0
R_re9Bu5IzSUFMFMt,2,3,2,1,1,0,1,0
R_sHES2FPFUxJ37hv,0,1,2,0,16,,,
R_3nIMKLKCqKtCw8k,2,1,2,1,15,0,1,0
R_30q3fbJB3yCNDiR,0,1,2,1,3,1,1,1
R_3fCuE2bYF9dWyfL,1,1,2,1,13,0,,0
R_3nD7WGZDVifkrkY,0,1,2,1,6,1,0,1
R_2118AxDFiV23YWp,2,1,3,1,13,0,1,0
R_1mXgsYlkCUze2pz,0,1,3,1,16,0,1,0
R_2fKeI7s3gOHb6s9,3,1,3,1,7,0,0,0
R_3QW212Ql5TEYi5N,1,1,3,1,16,0,1,0
R_2TGyHyPVP1PbbXj,3,1,3,1,23,0,1,0
R_3NCku0w7w8nWDsm,3,1,3,1,15,0,0,0
R_3njBDLV5hTNYfMy,1,1,2,1,20,1,1,1
R_1ewAatGSv1trbPh,2,1,2,0,15,1,1,1
R_33m6Zk9HBXKCpgt,0,1,2,1,10,,,0
R_3GBNfZvKm37yBmO,3,1,1,0,14,0,0,
R_2AGQIk1w90bCeSz,1,1,3,1,16,0,1,0
R_UR95j3qSD5lNFst,2,1,2,1,2,1,,0
R_2XmMQ4P0WNGC8fN,3,1,3,1,9,1,1,1
R_1rwrIVthYlipsUo,2,1,2,1,21,0,,0
R_3FXwBjIgUOL8axc,3,1,2,1,8,1,1,0
R_2q2uAeoXExXlkDC,3,1,1,0,5,0,0,0
R_1dhFZAy3oMHIm7z,2,1,1,1,5,0,0,0
R_3OqB63B1iwfJCuC,2,1,3,1,5,,1,0
R_2eRsX78rYbKMYch,0,1,1,1,19,0,1,0
R_3EsvgY9kNRwqogv,2,1,2,1,19,0,1,0
R_2Qn7DGzgT49y6uI,2,1,2,1,15,1,1,1
R_Q9VaocoyOd5j9UB,2,1,2,1,33,1,1,1
R_3L5y8XWNtNFsZcb,2,1,2,0,17,1,0,0
R_3e9QGNBgkvdoh6K,2,1,2,1,3,0,1,0
R_2PqgeEkXkl3iK8w,3,1,2,1,29,0,0,0
R_2z5viuKfNdwmABE,3,1,3,0,21,1,1,1
R_ZCfVhlmw2EjpFkd,1,1,3,1,2,0,1,0
R_3RjCa6pf9Q0TRIy,3,1,3,1,17,1,1,0
R_5bAg4XTQz0toM7L,1,1,3,1,28,0,1,1
R_bHHO0F1Fm9YruG5,2,1,3,1,5,0,0,0
R_3soXGAHqTEBJERh,2,1,2,1,31,0,1,0
R_30pYRgQDlLCdW3o,0,1,2,1,21,1,1,0
R_3PZ87JX0Ut4Lzpy,1,1,2,1,21,0,0,0
R_1H7hyG6mGgAEEj1,2,1,3,1,20,0,1,0
R_3KAu4qf50idMvdK,1,1,1,1,4,1,1,1
R_25WoDtLHHOhHlXa,1,1,1,1,17,1,1,0
R_338QS4ZmuYSQ5rY,0,1,1,1,10,0,1,0
R_2c1mbxyl07NeISy,0,1,1,1,3,0,1,0
R_21oKcO8W2ko3c4z,0,1,2,1,23,0,1,0
R_3GwtIDBTLAHf4j0,2,1,3,1,7,1,1,0
R_2ZKqK6VuoADGNJe,2,1,2,1,25,1,1,0
R_5aov56WdBFsIrVT,2,1,1,1,4,0,1,0
R_3prvgWaO2NXG2nM,3,2,1,1,9,0,0,0
R_2dyUHw4ZMnjiUgu,2,1,1,1,14,0,0,0
R_3l0M4h11804tNQZ,1,1,2,1,12,1,1,1
R_pc4blPrpDEXzfm9,0,1,2,1,11,0,1,0
R_30qSrOzfo1mmHCl,0,1,1,1,5,0,0,0
R_3sujS7mBzwtGbxj,2,1,3,1,25,0,0,0
R_1NzANtzB8l4SRwq,3,1,3,1,20,1,1,0
R_3CNMFloQ4FKl6tG,3,1,3,1,25,,0,1
R_cU4uOBwo7gexvTb,2,1,2,1,6,1,1,0
R_27jI4hbbke4rPpA,1,1,1,1,2,1,1,0
R_3qpAbYYY8DKMwMQ,3,1,1,1,17,0,1,0
R_3itj3EknOcrSjwT,3,1,1,1,17,0,1,0
R_3Eze3SYFZBmrWZz,2,1,2,1,18,0,,0
R_vcnRNNy8ijCYre1,2,1,3,0,17,1,0,1
R_2cosOKYMoguVNbk,0,1,1,0,14,,,
R_2TNS5YzFFvf2Jub,3,1,3,1,2,0,1,0
R_3MFsjRVLUuZK4yl,0,1,1,1,13,0,0,0
R_239OKgVaSz5Lh6b,2,1,2,1,10,0,1,0
R_OcJtm3aO7j1ZKSt,2,1,2,0,23,0,0,0
R_3CPEt9Q6d2fU6pz,1,1,1,1,9,0,1,0
R_1OCVmS8dYcgDDdF,3,1,1,0,18,0,0,0
R_2uy7j0q5828dy2d,0,1,1,1,4,,,
R_2afqPkiBlhwEWnQ,1,1,3,1,26,0,0,0
R_1ok8tH2SXQgF7Ag,2,1,3,1,22,1,0,0
R_oXj0pItPr7mpQDT,0,1,1,1,16,0,0,0
R_21iept3hrw5uKjs,2,1,2,0,21,1,1,1
R_1K6L8l0zSeai5mb,0,1,2,1,16,0,0,0
R_2zHiHgiZYf9EHMs,0,1,1,1,6,0,0,0
R_2XiVKMyHxWppD3d,0,1,2,1,14,1,1,1
R_XS5viRSBQlyvrwZ,0,1,1,1,13,0,1,0
R_2QY6tcQeFEKHHsZ,3,1,3,1,7,0,,0
R_2VC0SWhAIl2OQ1o,1,1,2,1,26,1,1,0
R_2BhA4eYQgunyXAB,0,1,2,1,1,0,1,0
R_3emnJT9UxpTcZyG,1,1,2,1,22,0,1,0
R_3GCVp0vypTlPmjJ,2,1,2,1,27,1,0,0
R_3po0JltYZ3glMFn,3,1,2,0,15,1,1,1
R_3L5reSrJa3DrfYq,2,1,2,1,22,0,,0
R_3Dux0VbHsIcSrUa,0,1,1,1,1,,,
R_1nZ0mfNptZIKOdI,2,1,3,1,28,1,,0
R_Or6I2WHaJzpBsIh,3,1,1,1,12,1,1,1
R_3PcUP0qtbtP8IMt,2,1,3,1,12,0,0,0
R_3eh8YApRHYe8SO4,2,1,2,1,7,1,1,0
R_2AZsp6qG9Z0nEDA,2,1,1,0,21,0,0,0
R_XUktkieGvoAGSwF,2,1,2,1,14,0,0,0
R_1Btbq4uKbmTwHOV,0,1,1,1,19,0,0,0
R_1rCRHIQJ6X1Pihs,2,1,1,1,14,0,0,0
R_2Vyi3bWIqJENKU6,0,1,1,1,5,,,
R_1mP0eufX6CwDaMc,1,1,2,0,2,1,1,1
R_3oAdu6zF5wtYJjN,3,1,3,1,7,0,0,0
R_3k5jsGteuxXzdNB,2,1,3,1,4,1,1,0
R_12SBmICNqHw3Iev,3,1,2,1,5,1,1,0
R_1H1TXZu9XWjvVeH,1,1,2,1,7,1,1,0
R_1jHvOrugb95Cdo8,0,1,1,1,7,0,0,0
R_0HFbol6ugGLzPt7,1,1,1,1,7,,,
R_2wuxwUZKE6TGuGH,3,1,3,1,11,0,0,0
R_3dLkxMTj280oqa2,1,1,1,1,20,0,1,0
R_xrROrH9Pa6gY04p,2,1,1,1,23,1,1,0
R_vB2BWM9mGFQiYXD,1,1,2,1,23,1,0,1
R_3k0rep0cxT6X259,0,1,2,1,27,0,1,0
R_2918az7FK9q1ffr,2,1,2,1,1,0,1,0
R_3p2SA8Hz4iV96KF,0,1,2,1,1,0,0,0
R_3h4L1FRNJWbKO2y,2,1,1,1,1,1,0,0
R_XSuo89TKM2x3KNz,3,1,3,1,14,0,,0
R_eIP7ppp7m1rAfjH,0,1,2,1,1,0,1,0
R_esz6zdxsB0rFRoB,3,2,1,1,5,0,1,1
R_1loQXbk6rh0I3bE,0,1,1,1,20,0,0,0
R_YczUNAKCr9qOk1P,3,1,3,1,20,0,1,0
R_3PZFXjlvKIwCKtN,2,1,2,1,22,1,1,0
R_2CJvS2Ql0owEg3T,0,1,3,1,21,0,0,0
R_268EjOa5Dky8mct,2,1,2,1,16,,1,1
R_1CdwnsqMbRq8wEI,0,1,1,1,8,0,0,0
R_3erUh7ioBg2NvMG,2,1,2,0,6,0,1,0
R_3EyZL5PhvAcSLOr,3,1,3,1,4,1,1,1
R_1IMjOvVNEOF3Cq6,2,1,2,1,6,0,1,0
R_xsXfmZG5Fvv2hih,3,1,3,1,2,1,1,1
R_2rAVIka5fPceFSC,2,1,1,1,5,0,0,0
R_233ute0tKcsJk92,3,1,2,1,23,1,1,0
R_3oARvx3DLTeTm30,2,1,2,1,15,0,1,0
R_bK68pdF4Wb3tHm9,2,1,2,1,10,0,1,0
R_2wiy86t6zvN2VL0,2,1,3,1,1,1,0,1
R_AsrKFPNm3jMac0N,1,1,2,0,12,1,1,0
R_1Ny9S0HX7ddHg08,2,1,1,1,11,0,1,0
R_2XdQTMF4zr4H0gE,2,1,2,0,19,0,,0
R_2pQe5GBdpRhGZ0p,2,1,2,1,9,1,1,0
R_10BJswdBKGwz5ja,3,1,1,1,12,0,0,0
R_2qwVIGQSRRAaAly,3,1,3,1,4,1,1,0
R_pnICkmOlBx5O4oN,0,1,2,1,8,,,1
R_Q69YGcAzpmnfcKB,3,1,1,1,1,0,1,0
R_1IMDEzPmVtnrhb9,1,1,3,1,21,0,1,0
R_1FzH3HeB9gHCONE,0,1,2,1,13,0,0,0
R_DnL4clS5tYSfqg1,2,1,1,1,5,0,1,0
R_1EXwmDgm3NXUhjZ,2,1,3,1,1,0,1,0
R_1JEkJgLJGZ8qZhS,2,1,2,1,14,0,,0
R_1HbBT9lxVdQJK6b,3,1,3,1,1,1,1,0
R_sXAI01ZNjCGFGox,0,1,2,1,23,1,1,1
R_1BqzhiRsjjUr7Cp,3,1,2,1,21,1,1,1
R_3QYMYCPBeBhY6UE,2,1,1,0,16,1,1,0
R_2Tt4tx7KvMQTPUn,2,1,2,0,20,0,0,0
R_2ToSdCcUXage3PA,2,1,2,0,24,0,1,0
R_3MuGpNaETl1m0J3,2,1,3,1,20,,,
R_BR3YIg9DTyhk6Vr,1,1,1,1,3,0,0,0
R_3GrFzmw0e3P1qUo,1,1,3,1,2,1,1,1
R_RQzzLZuVM7Ap5Ch,2,1,3,1,22,1,1,0
R_TnPOfZIi0BS4cM1,0,1,1,1,4,0,0,0
R_9ZfCTh3MSb8qJkl,2,1,3,1,9,1,1,1
R_3O9voM6ifPVAfLI,3,3,1,1,2,0,1,0
R_TuUYhOaOjDoLHfX,3,1,2,0,15,0,0,0
R_3DfTW2s849uNcgF,3,1,3,1,16,1,1,0
R_331k24v94OsebfY,0,1,3,1,21,1,1,0
R_1rGIOh9Q3bWjEPU,3,1,3,1,27,1,1,1
R_1OktrgC8cuq9Jqj,3,1,1,1,11,0,0,0
R_1gexXRtdt8Q9QJ3,2,1,3,1,26,1,1,1
R_3fy26rBTh4EjjKa,2,1,1,1,20,,,0
R_2fpufBvWfXp40DD,0,1,1,1,5.5,0,0,0
R_3n7xDcUy14qkmdX,3,1,1,1,22,0,0,0
R_Usvv8O76RhaBxXb,2,1,3,1,16,1,1,1
R_3D5YUnUeRq4xZqy,0,1,3,1,7,1,1,1
R_3jTjIWEnHGgfNLl,2,1,1,1,3,0,0,0
R_bBddo06lJri0uyZ,1,1,3,0,8,1,1,1
R_1E73TrM1HktvpAV,2,2,1,0,9,0,1,0
R_2qvHulCXM4bYqjY,3,1,3,1,13,0,1,0
R_XMmIRBC0CmGuwz7,0,1,2,1,7,0,0,0
R_1jJ2Yqs1clFBW33,2,1,2,1,1,0,1,0
R_1LupsfBSgHw61Yi,3,1,3,1,5,0,0,0
R_UfrOgd1UaY84N5n,2,1,1,1,14,0,1,0
R_2X6j2tqRV8MTIzd,0,1,1,1,17,0,1,0
R_12KBpckgPWjQ0N7,1,1,1,1,14,0,0,0
R_27UTtaL0k8jkisj,2,1,2,0,14,0,1,0
R_3Emvi8PhuGYoW4I,3,1,3,1,3,0,1,0
R_1jfXoCqLqRXKgvv,2,1,2,1,22,0,1,0
R_SBIyvLyzvMvWLKN,3,1,3,1,8,0,1,0
R_2DTctbcijBkdjyy,0,1,1,1,14,0,0,0
R_1QowLYJVWwhN4Ls,1,1,1,1,20,0,0,0
R_3sIIOrMHXDJUEut,3,1,1,1,3,0,1,0
R_2PuRK2EP1Y03ZKF,1,1,2,1,27,0,1,0
R_1It96Wyo8VaQzC2,0,1,1,1,20,1,1,0
R_ysC8wAVeI03NgiJ,0,1,3,1,2,0,0,0
R_26b5mDxSt9eJR9F,2,1,1,1,5,0,0,0
R_1Kf4nTSWfEcPrQy,0,1,1,1,12,0,1,0
R_vwSLnzM2VQsU4HT,0,1,3,1,4,1,1,0
R_3hFvoZeK3aZNljC,2,1,2,1,1,0,,0
R_a5XBN0QXNcuW2FH,3,1,1,1,21,1,1,1
R_2TLhaGXO3Hx8DM5,2,1,3,1,19,0,0,0
R_3G9P33lJd8lY44g,2,1,2,1,5,1,0,1
R_XS6lRGWvRaXvTKV,2,1,3,1,20,0,,0
R_3memu8jGlmaRcA9,2,1,1,1,3,1,1,0
R_24dxDX7l4Z7Ehak,3,1,3,1,23,0,1,0
R_3ikSpPbO8WSqghu,3,2,1,1,4,0,1,0
R_1CIz5JOBPLPZWZa,2,1,3,1,6,1,1,1
R_22LhFehMEQPw7O5,3,1,1,1,13,0,1,0
R_2v65SwpgF1KVcAM,0,1,2,1,3,1,1,0
R_daOHDJ04kTlXhDz,2,1,1,1,12,0,0,0
R_22MpTaAHlFsJJ3r,2,1,2,1,20,0,1,0
R_BSbko9Gg6rrmA7f,1,1,2,1,22,0,0,0
R_2tmv4abC4J0QIxQ,2,1,3,1,6,1,1,0
R_3qKc66J6ol7CRYq,2,1,1,1,8,0,0,0
R_tWlxcMYEDlboXa9,2,1,2,0,21,0,1,0
R_3D7a0regxYDHUiY,1,1,2,0,6,1,1,0
R_PCiM84MQEiwHRxT,2,1,2,1,8,0,1,0
R_W8tN60qRwTr4oAF,2,1,1,0,8,1,1,0
R_2UWvocLQ7Gm2kKc,2,1,2,1,19,0,1,0
R_1ikQnqfwb1iHOM4,3,1,3,1,2,0,0,0
R_1rxCLm17ChIPfQW,1,1,1,1,13,0,1,0
R_3RfpPBcbxqIiXt0,2,1,2,1,5,1,1,0
R_3McILuMmwelGiox,1,1,1,1,15,1,1,0
R_1fl4NBOUxRpWX9N,3,2,2,1,11,0,0,0
R_3MoeH4sbSFOXkx3,1,1,2,1,3,1,1,1
R_tSXFUgl8YxxuepH,3,3,2,1,4,1,0,1
R_2rkJHi6SS4ENFVM,2,1,1,1,12,0,,0
R_1Hhoadsqhcereus,0,1,1,0,15,,,0
R_p5ZXi1fSyzxfwGd,2,1,1,1,1,1,1,0
R_2t8VfmBlztFaUfM,0,1,1,1,24,,,
R_1gOywwCmEMSw9FM,0,1,2,1,1,0,1,0
R_3oNgJKI43NcQzNd,1,1,2,1,2,0,1,0
R_2AMuTmdCuwhL9hv,2,1,3,1,20,1,1,0
R_21cQehZhZsHgui4,0,2,1,1,1,0,0,0
R_1hFn2SPbcxyNWjN,3,2,1,1,1.5,0,,0
R_887A1eL0oiNem77,2,1,2,1,8,1,0,0
R_2f9RbVgGtALzRLe,3,1,1,0,17,0,1,0
R_8tVZ6iimgW1exHz,2,1,1,1,18,0,0,0
R_8kwWP19GOXZWk01,3,3,1,1,12,1,1,1
R_3dSXVBt4UHWkyr9,2,1,2,1,7,0,1,0
R_3qDVVSKDnVvCL7r,0,1,1,1,28,1,1,1
R_1IFcATuYnsS4pN1,2,1,1,1,34,0,1,0
R_3RwFUTY1ALvohJk,0,1,1,1,3,0,1,0
R_2thZBcVJjq9ClKS,2,1,3,1,26,,0,0
R_Z9PTFc2KknjjLcl,0,1,2,1,16,1,1,0
R_1NgiU2LpNwy6oCJ,3,1,2,0,8,1,1,0
R_21aXia7Us4WT6Co,2,1,1,0,4,1,1,1
R_AbYls935MpGxLEd,1,1,2,1,17,1,1,0
R_3CQ70VgOj69oCdR,0,1,2,1,2,0,0,0
R_3n0ZVxa1B52501Q,0,1,3,1,11,1,1,1
R_1ie8JWRv53nT8pP,2,1,3,1,3,0,0,0
R_3G7aDkaYIAC94mX,0,1,2,1,4,1,1,0
R_2zCkVK1gmisRmTA,0,1,3,1,21,1,1,0
R_OjLYj83eo4kqcdH,3,1,3,1,1,1,1,1
R_3Ky0B75KieDbfxk,1,1,1,1,26,0,1,0
R_3gY4vma4UIHROtH,2,1,2,1,8,1,1,1
R_1kIJoQGpsriHU8s,0,1,2,1,18,1,1,1
R_3fBRRQsi7WQfHVP,2,1,2,0,7,1,1,1
R_3Mmqyc8GQQQ0jmG,3,1,3,1,30,1,1,0
R_3NFlVP7oFloxEq1,1,1,3,1,2,0,0,0
R_DGc29SWIDZpuwWB,1,1,2,1,15,0,1,0
R_1mLvV700OhUxCy7,1,1,2,1,16,0,1,0
R_2ZZDzvGA6mzTRXr,1,1,2,0,22,1,0,0
R_1ockDsDUGon6gCR,2,1,2,1,10,0,0,0
R_2EHxTmT3bX9bwE8,3,1,2,1,26,1,1,0
R_24Mo5Iug34SxGJO,1,1,2,1,11,1,1,1
R_8qdBPXIhPYZOEfL,1,1,3,1,26,0,1,0
R_2rAuEUcgVUKcVFp,2,1,2,1,23,0,1,0
R_2EcPn1F55Tfi2TW,1,1,3,1,28,1,1,0
R_12tIE4LHxaDuqVq,3,1,3,0,23,1,1,0
R_25tqhACVFDLHiFK,2,1,2,1,15,0,1,0
R_1DGr7pQxE7ZTWeH,2,3,2,1,3,0,0,0
R_3nDljPUTifyC2YQ,2,1,2,1,8,1,0,0
R_ylvJAMbJgsubXVL,1,1,2,1,21,0,1,0
R_1riSLsrYLjwX0uV,3,3,2,1,17,1,1,1
R_3I4g8WaYO1Lkbio,2,1,2,1,18,0,1,0
R_3nUTVOgoU0dAIi7,2,1,2,1,20,1,1,1
R_3EirpZNMJcU7sPH,2,3,3,1,4,0,1,1
R_74aXGeJtAYiczSh,2,3,3,1,13,0,0,0
R_3kbPakYGQURYYn3,1,1,2,1,9,0,0,0
R_3dJR2qFeFCuFXVi,2,1,2,0,5,1,1,1
R_3hxt7TmC3uE5O7Y,2,3,1,1,14,0,0,0
R_2TNs3yP2nhyM6yv,2,1,2,1,28,,,0
R_1r0OIcYmtBbPsf2,2,1,2,1,9,1,0,0
R_BJUwSN008Js8gdH,0,1,2,1,9,1,1,0
R_xeVZSlwcppnbXON,3,1,3,1,5,0,1,0
R_1QisTTkwVMlLlgR,3,3,2,0,2,0,0,0
R_tF2mqi9uWxkHzzz,1,1,1,1,22,1,0,0
R_w4QNCJdvyKlDMul,2,1,2,1,15,1,1,0
R_PS61Cts16xesJAB,1,1,2,1,1,0,1,0
R_3m94QHqkjL2O6q8,2,2,1,1,13,0,0,
R_RUAnDvUQUYfdclz,0,1,1,0,23,1,0,1
R_1DHeWAGS7TehG9g,2,1,1,0,13,1,1,1
R_3nvp76r8uVO6zBP,0,1,1,1,31,0,1,0
R_ZJp9TgU52voUPMB,3,1,1,1,15,1,1,0
R_240rEMyp0YamlBT,0,1,1,1,10,1,1,0
R_1OJE3vIBNmLTDFy,2,3,1,1,15,0,,0
R_3st7Qq5MEwivG6J,2,3,1,0,20,1,0,0
R_WD7vDG5L0bIbAKR,2,1,2,1,12,0,1,0
R_3OqvaJjKJx2LN5q,2,1,2,1,5,0,1,0
R_28G5y7KTSO4ZK2B,3,3,1,1,14,0,1,0
R_2aFG8DPBl0Hfch2,2,1,2,1,15,0,1,1
R_1OrvZm3GjLPJnNz,0,1,2,1,17,1,0,0
R_3j2Um0EFFffx41O,2,1,2,1,15,0,1,0
R_1JWUvKswQqsUX9z,3,2,2,1,2,,0,0
R_1Fal4K3VkGbe069,2,1,3,1,3,,,0
R_2fqVQuZoagXMVGs,0,2,1,1,2,0,1,0
R_ylFM852wZ15Mklr,3,2,3,1,6,0,1,0
R_22lybNXJ0TSfvog,0,1,1,0,15,0,1,0
R_10B2Q1facLwPPZK,2,1,2,1,1,1,1,1
R_2zr9GFImfD6chvd,0,1,2,1,11,1,1,1
R_vSxkLI4fKMjuGiJ,2,1,2,1,2,0,1,1
R_2e3hHi5kfz1mu1I,2,1,2,1,12,0,0,0
R_1OT8d4YMIcc0FQ5,1,1,3,1,21,1,1,0
R_SE3HsC8LsDv34EV,2,3,2,1,7,0,0,0
R_u2CkVcMYvP1HeWl,2,1,3,1,6,1,1,1
R_z6wxgwo6zGWpGqB,2,1,2,1,15,0,1,0
R_3JwTcL4OcEtyPvW,0,1,1,0,4,0,0,
R_1jD0rGudmkJlUJs,2,1,3,0,18,0,1,0
R_3NOKnT7FvBfwlpA,0,1,1,1,27,1,1,1
R_1M08IekvOM9xL4R,0,1,2,1,28,0,0,0
R_RrCiJ4LoKbaL2h3,2,1,2,1,10,0,1,0
R_10YNgZja44HaLfy,1,1,3,1,21,1,1,1
R_WAnM4DQ9ECpfJIZ,1,1,2,1,17,0,1,0
R_25ARfcjNEYPDLyK,2,1,3,0,18,0,0,0
R_1g7qFeFHS74B3g2,3,1,3,1,16,0,1,1
R_3rTlE8nKzSeYvqJ,3,1,3,0,26,1,1,1
R_3LZ4mN32mXnyyEs,2,1,3,0,26,0,1,0
R_1NqueTDOlb3p8Fr,1,1,2,1,24,1,1,0
R_eQ0iKnzvGkqBk8V,1,1,2,1,20,1,1,1
R_RDeEdyFDiTZlYlz,1,1,2,1,21,1,1,0
R_3jdkLO6FRJpXpP4,2,1,3,0,24,1,1,0
R_2zuSzUeMDBbSZk9,1,1,2,1,1,1,0,1
R_3dWzvpq7wzlUb4F,0,1,2,1,1,0,1,0
R_3EilmO3xt9TyJJO,1,1,2,1,2,0,1,1
R_UR1Y4MZCUAjRgBP,1,1,1,,,,,
R_1rqQXcqdj3CiIxj,2,1,1,0,18,1,,0
R_3pszj2nWxFvgVoc,2,1,1,1,6,0,0,0
R_2antI4bI4Iu1PUw,3,2,1,1,7,0,,0
R_eyyo3Wu5d2RJd3r,2,1,3,1,10,0,0,0
R_1TyxnO1qOX5ZVBf,1,1,2,1,12,1,1,0
R_3k23pwr2O1irHV4,1,1,2,1,2,0,0,0
R_3ezv8M5RI738lnA,2,1,3,0,34,1,1,1
R_2y91kPJ8llPlMOa,0,1,3,1,,1,1,0
R_3qpWtqJXeqtbvHx,3,1,3,1,22,0,1,0
R_51hkZ7h77fYw6tP,0,1,2,1,3,1,1,0
R_1QhXXTCSQCR6tIT,2,1,2,1,34,0,,0
R_25sjtFFkSxjqW7v,1,1,1,1,1,1,1,0
R_1on0cocObBb1O5e,0,1,2,0,8,,,
R_12LP5bYa1Ess3gP,3,1,3,1,16,0,1,0
R_2y4yHyNRFMARrxa,0,1,2,0,9,0,1,0
R_2E5GafE8pJmDAhs,2,1,3,1,9,1,1,0
R_2uQeYvJ1vZfQVKu,2,1,1,1,6,0,1,0
R_2fJOyFTrMyf7aoC,3,1,2,1,1,1,1,0
R_2y93c2KPpnVkScz,0,1,2,1,17,0,1,0
R_3EoQzcaSS7l9KCn,0,1,2,1,2,1,1,0
R_24kN7hlPsusNepP,2,3,2,1,10,0,1,0
R_30q79kfit4bWDNc,3,1,3,1,21,1,1,1
R_p3CUFg7L7BciNAB,3,1,2,1,26,0,1,0
R_1GPMWc2rIEGhlBb,2,1,2,1,6,1,1,0
R_6WIFVDQuYATOY4F,0,1,1,,,,,
R_80vIMPLUEfUykU1,2,2,1,1,5,0,1,0
R_12GqA3Nti2yXHJ8,3,1,2,1,8,0,1,0
R_1M4XmZiFXa7ZEjH,2,1,3,1,19,0,1,1
R_veKlyHSM4aY9fgt,1,1,1,1,2,0,1,0
R_2eRWeWR9i71rosH,3,1,3,0,30,1,1,0
R_1FR61oEfjCkPJBa,3,1,1,0,5,1,1,1
R_2xWXURI30WOku1I,2,3,1,1,1,1,1,1
R_1JIPXrQ1b6hxhB1,2,1,1,1,9,1,1,1
R_27ViZf0OEgOvc5c,2,1,3,1,1,1,1,1
R_2tEZled9r0ttNX1,2,3,2,1,22,0,0,0
R_3nDxQfUO8g9lu28,3,2,2,1,2,1,1,1
R_21pN472CPOW7Wsz,2,1,3,0,11,1,,0
R_1rOISoK00GaVnBb,3,1,3,1,7,0,,0
R_3qW1vP1byIvDMm4,1,1,3,1,18,0,1,0
R_2Vf4oLecChEG9A5,3,2,2,1,2,1,1,1
R_3QRUe9CnNeGp3io,2,1,3,0,21,1,1,1
R_1q3NqDJVJ420haU,2,1,1,1,4,1,1,0
R_2wTFnBzUBTeuHWL,2,1,1,1,7,0,0,0
R_qF1sFYqfZY3QwFP,2,1,2,1,17,1,1,0
R_3q8a1NRyIOQ6kUI,2,1,2,1,11,1,0,0
R_2qvBOtq76hKC8gY,1,1,2,1,6,1,1,1
R_2eQ39ZgxAIL6wwu,2,1,2,1,24,0,1,0
R_3O9sgjyTXFET6Wz,2,1,2,1,12,1,1,1
R_1EgRPChfhhA0mz1,2,1,1,1,25,0,1,0
R_A4YrpcNK2j5WuhX,0,1,2,1,10,1,1,0
R_DMqguiVhyxRX1S1,2,2,2,1,20,,,
R_2ttgkEpLtJKVZei,1,1,1,0,1,1,1,0
R_3mgbiGL7KiF3HTi,2,3,3,1,5,0,0,0
R_2xMf1k7tP8ifZvY,2,1,3,0,27,0,1,0
R_240rhA9p7P2Wx47,2,1,2,1,4,0,1,0
R_3s1Gmvm1xQD0JJm,2,1,2,1,20,0,1,0
R_1rku72FuYBBQpCj,2,1,2,1,16,,,
R_2uPA2iYZn6XaIIg,1,2,1,1,5,,,
R_2OT6ZLIQUqBnsWp,2,1,2,1,16,0,0,0
R_2PpPBh9vE4rlYzM,1,1,2,1,13,1,1,0
R_3067iGcI3f1P7dW,0,1,1,1,13,1,1,0
R_1Namek2vNtuq6XN,2,2,2,1,17,0,1,0
R_2D1B9VGHNRKbOTa,2,1,1,1,23,0,1,0
R_1QmaYBY2ootBXTv,2,1,2,,,,,
R_2zSHWxx3LShMZJI,3,3,1,1,19,0,1,0
R_1f0KH2324XiBGni,3,1,1,1,7,0,0,0
R_2CpmGak17XppdKe,3,1,2,1,,1,0,0
R_3HzYnVqV5r3To4f,2,1,2,,,1,1,0
R_e8rZzxWkmUw0PcZ,3,1,3,,,,,
R_1qanZoj97uQvDOX,3,1,3,1,15,0,1,0
R_3KAPGyvlSbevfP8,2,1,3,1,21,0,0,0
R_1lsOU6yMMfKTC5F,3,1,2,1,15,1,1,1
R_31jEpgC0nqJy1kQ,1,1,3,,,,,
R_31sC8idh2tTunv5,1,1,2,1,14,1,1,1
R_1rxlc0rnblpghUm,2,1,1,1,9,1,1,0
R_ylufKA4sazfXaRX,2,1,2,,,,,
R_RPil9koiZszTq3n,3,1,3,,,,,
R_3iDd9xnK629IE0U,3,1,3,,,,,
R_2QK8eof7U37Fgh5,2,1,2,1,5,0,,0
R_3h5cIF1uUU08pNs,3,1,3,,,,,
R_3OBynViTCqjISVX,2,1,2,,,,,
R_2cAaPT0R5AOtNEW,2,1,1,1,1,1,0,0
R_s4Nx7RpUphXqD7z,0,1,1,1,4,1,1,1
R_262LAegwZ24rKTV,2,1,2,,,,,
R_9XEPCE4XpdeYRmF,1,1,1,,,0,0,0
R_2tGqwil5uYXbNmu,3,1,3,1,4,0,1,0
R_2Pw15F5zwZEXkFm,0,1,1,1,10,1,1,0
R_1NySPMON4YnKfSW,1,1,1,,,,,
R_3Rxqix8gnymaiCP,1,1,2,,,,,
R_w6JHBpFbUV5xGFP,2,1,1,1,24,1,1,1
R_3p58WDq5cULhvlw,2,1,2,1,6,1,1,1
R_2tasmcMagYHFAeh,3,1,1,,,,,
R_279BCZeVxm9jVYd,3,2,1,,,,,
R_25yKVA0SLbAnF2T,0,1,1,1,10,1,1,0
R_3qIKUN5FX7A8lg6,3,2,1,,,,,
R_0cbB1sKT34VcQ2R,3,1,3,1,1,1,0,1
R_bjySTvOynPG9MJj,1,1,1,1,19,0,,
R_tXNrpmGs0rHBPz3,0,1,1,,,,,
R_1DUzClcocW3toPP,2,1,1,1,7,0,,0
R_3Pn5LFzOVdVKOll,1,1,2,,,,,
R_QhUPhrjY8X38ZVv,0,1,3,,,0,1,0
R_3PGgws7NxUjfnZx,2,1,1,,,0,1,0
R_WutSqF5xyRYF8TD,1,1,3,1,9,1,1,1
R_2tETjfxiMbU8BR6,0,1,2,,,,,
R_25tPCTzaYTUTsB2,1,1,3,,,,,
R_1kXG2zXL9qBRBOl,0,1,3,,,,,
R_2ZBobkDXXeKKtJD,1,1,3,1,23,1,1,0
R_WiBD889mtSNnc5P,2,1,1,1,11,0,1,0
R_1LndX3EYygqmGdH,3,1,1,,,,,
R_3DvFcjkeLe5WuMj,3,1,3,1,5,1,1,1
R_6gRfaYml78IINFv,3,2,2,1,1,1,1,0
R_Ug5967oYgmXq2u5,1,1,3,1,3,0,1,0
R_AbXBqXzThRihOVz,2,1,2,1,25,0,,0
R_cMZHBE0krtvSYJX,2,1,1,1,11,0,1,0
R_1I6K08MNaTMpxyn,1,1,1,0,9,0,1,0
R_1C46t6EiQyeL9jE,2,1,3,1,5,1,1,1
R_2b1Vw4c0YkRBeSy,2,1,3,1,7,1,1,1
R_2lW2s96qmjyXMKB,1,1,3,1,9,1,1,1
R_3FKcoBJsDisAZNA,3,1,2,,,,,
R_2dzlazafx5UsGHY,2,1,2,1,7,0,1,1
R_1OvpIu0zn6rDhA1,0,1,1,1,13,0,0,0
R_3iXvfBKVEcrxXbi,3,1,3,,,0,1,0
R_3oSJ0MQSIH4cEGc,0,1,3,1,10,0,1,0
R_afSqSwwxnCjLUm5,3,1,2,1,19,1,1,0
R_1FCZXqb02UE6S6r,2,1,1,1,7,0,0,1
R_xurbJg9bvxC1q2l,3,1,1,,,0,1,0
R_31t00khZbaSZBQf,2,1,2,1,8,1,0,1
R_1QneFaB9SNl2kQD,0,1,3,1,7,1,1,0
R_3GkNKHQi5Owtq15,2,1,1,,,,,
R_pagnQE3XRV4A5nb,1,1,1,1,15,1,1,1
R_YQTJr8l9unb3xSx,2,3,1,1,5,0,0,0
R_21tzUAC0msvr757,3,1,1,,,,,
R_3iCsiNprCMZYKwh,3,1,3,,,,,
R_rq0cuSUVxzitgiZ,2,1,1,,,,,
R_1dpglRpsBvWBapx,3,1,3,,,0,0,0
R_1hWrahk68VBuRG8,2,1,3,,,,,
R_3ozjXb1qR9vnTqi,1,1,1,1,5,0,0,0
R_2tsYqa3sp04uNy2,0,1,3,1,33,1,1,1
R_2uHQ9COZNaKoajf,3,2,3,,,1,1,1
R_3LipvGYdZIAXCU4,0,1,2,0,6,0,1,0
R_Od5ecdsHM5MHwid,2,1,1,1,11,1,1,0
R_2qDxyr5vyk82npf,3,1,1,1,14,1,0,0
R_3EyXSiPkMjTdQmV,1,1,2,0,17,0,1,0
R_YVnwnc257fEGyqd,2,1,2,1,8,0,1,0
R_31cKY1wPf9QnemI,2,1,3,1,7,1,1,1
R_3qsLX2pQMtbxe8M,0,1,1,1,3,1,1,0
R_2dLqFnnSidW4g56,3,1,3,1,4,0,0,1
R_2abJdFmhISuFds4,0,1,3,1,9,1,1,0
R_2zPfIoMhuG1IFQE,0,1,2,1,3,0,1,0
R_VPdalCTIm6i95rX,0,1,2,1,6,1,0,0
R_1IFRSgD4r3y8BlQ,3,1,1,1,4,1,1,1
R_2YfiignFMqrplSY,0,1,3,1,16,1,0,0
R_22xMWE4T0SF7eFX,1,1,1,1,6,0,1,0
R_9B7IfAxVJWGWdRn,2,1,3,1,27,1,1,0
R_2ox8hQwRppQjy2B,3,1,1,1,10,,1,0
R_2YWIk245ceWxsM9,3,1,3,1,10,0,,0
R_2ZDouJTjvS0bV3T,3,1,3,1,1,1,1,1
R_2AXNi41D4GP2bKQ,1,1,2,1,10,1,1,1
R_1q1wm7Rlm9x38gl,3,1,3,1,2,0,,0
R_3lPJ0WIiVHwdoJe,2,1,3,1,20,0,1,0
R_2dz19wgKl9Bpk2d,0,1,2,0,1,0,0,0
R_12sDeSmnPkWYqYX,2,1,3,,,,,
R_3suXAfAzCgzQSqE,2,1,2,,,0,1,0
R_57n7Wz0v9thjPt7,3,1,3,1,10,0,1,0
R_239lkCUdAIvR7Fn,0,1,2,1,12,1,1,0
R_2D8NwW6tpPEebuK,0,1,1,1,11,0,0,0
R_sNkwZvSf7y2wAUN,3,1,3,1,30,0,1,0
R_3qWs3XQdw9PR7pJ,1,1,2,,,,,
R_2Bgs5Hz2RRIktqy,2,1,2,,,,,
R_3ER7Lfxvto9NJ91,1,1,2,1,5,1,1,0
R_z8ZXITP5uEzLCpj,0,1,3,1,5,0,1,0
R_A0sKJhVwlgtt5G9,3,1,2,,,,,
R_1qVQXvG8wsQr5aO,3,1,2,1,11,0,0,0
R_ebtsqGHHqBQ1HxL,1,1,3,1,19,1,1,1
R_SYJmmGxUVxsvCgh,2,1,3,1,6,1,1,0
R_9B5cagv58L6fdrH,2,1,2,1,5,0,1,0
R_2rI7gJwHqR7YpEa,3,1,3,1,12,1,1,0
R_20MaNtHVRm1h9zh,3,1,2,,,0,1,0
R_2VDT3H6DxbnEMdk,2,1,2,1,30,1,1,0
R_3nUHljq8Qm2dqOe,2,1,1,1,10,0,0,0
R_2dBd3QcrGu5xjnr,2,1,3,1,4,0,1,0
R_2DNgqq9ymNTlAPc,2,1,2,,,,,
R_1CykVvQC77XnCoN,1,1,1,1,25,1,1,0
R_2PjQorZM7P7XCPb,3,1,3,1,8,0,1,0
R_2ck1PWunCHhqt5N,3,3,1,,,,,
R_2uWCu4CYL8mks25,2,1,3,1,4,0,0,0
R_1CkdNNrrvwHLCfq,1,1,1,0,5,0,1,0
R_1InIjTsaXxG9swf,3,1,3,1,10,1,1,0
R_3Ph7qWL256RljPL,2,1,1,1,7,1,0,0
R_AdEkqleb1OOLWmd,3,1,1,,,,,
R_3032m2KYGQ4VEyc,3,1,3,,,1,0,0
R_3dLWzywyKJQpO2v,3,1,3,1,15,1,1,0
R_2anNTlMdftLtooJ,1,1,3,,,,,
R_3FJS5O2J3ugFOEZ,2,1,3,1,4,0,0,0
R_Z4TIlf74TMbjdPb,1,1,1,,,,,
R_1pSAeAsln2g8cJL,1,1,3,1,25,1,1,0
R_3eDBui1pf3ebStH,3,1,2,1,23,1,1,1
R_2qn2i8FiXdZG5P8,2,1,2,1,11,1,1,1
R_1E06z0PQMfp9kMO,2,1,1,0,5,1,0,0
R_qyfrRkxQ2M0BXG1,2,1,2,1,7,0,1,0
R_2ffVuJA6XvSCT5l,2,1,1,0,12,1,1,0
R_32LqnX2LtGqLjZP,3,1,3,1,13,0,1,0
R_5hgsmWGPSDz3foJ,3,1,3,1,3,0,1,0
R_3mmHC4PAxbOZ49a,0,1,3,1,15,1,0,1
R_231QYdZtCdZ6EOE,2,1,3,1,16,1,0,0
R_08GKu162QgySHm1,1,1,2,1,4,0,0,0
R_1oEVPYkiVnsZ6aw,1,1,3,,,,,
R_2317J9eg1ZMPzxx,3,1,1,1,5,0,1,0
R_31ckfFnJQ9HjzlS,0,1,2,1,3,0,1,0
R_2RV0QYFnsgh7E5O,3,1,1,,,0,0,0
R_3dPNIiL1Viikq9l,2,1,1,,,,,
R_8okwplGaHYyj4HL,0,1,3,1,26,1,1,1
R_1l3pQadjls8WDLU,2,1,2,,,0,1,0
R_3h0dt5kL1QxUSpA,0,1,2,1,7,1,1,1
R_1F3yIr7Mw5utVYw,2,1,2,1,13,0,1,0
R_3dLCNAb1Vqdbk4g,0,1,2,,,1,1,1
R_00wreQfGkOdlTDX,2,1,2,1,15,0,,0
R_2Cw6zfKiKXuxZUm,0,1,2,1,10,1,1,1
R_1nPCw8RwKm4ttFw,3,3,2,,,1,1,1
R_qJZ0OpHoltX5NXX,1,1,1,1,3,0,0,0
R_2Vflq6bQEznYpHN,3,1,3,,,,,
R_3PnPgmHHmKvaiKk,3,1,2,1,25,1,1,1
R_vemOsft5V5ks03T,1,1,1,,,0,1,0
R_3pmuHN1IPOTFODQ,2,1,1,1,15,1,0,0
R_vBOKuZ8fYj49ZTj,3,3,2,,,,,
R_2dRf3RlUMuLBuCo,0,1,2,1,30,1,1,1
R_R4gwPQjlWtPGdRD,0,1,1,1,8,0,0,0
R_2dGrDLCjUs4BpyI,2,1,2,1,5,0,1,0
R_3PAKaxCJNgQL86Q,2,1,1,,,,,
R_OrEUhWQQjPTrMbf,0,1,3,0,12,0,,0
R_20M57C7FOU4ziSD,2,1,2,1,22,0,1,0
R_3qEivjaNls3aRpk,2,1,2,,,1,1,0
R_245By7HmYtSD0v4,0,1,1,0,5,0,0,0
R_2fj94pjWYrShWPX,1,1,2,0,,0,0,0
R_DAJJOkuv8X5f6ut,1,1,1,1,1,1,1,0
R_ueSs03tcyTEknU5,2,1,1,,,,,
R_1rivXkoWlX8DdEi,1,1,2,,,,,
R_Asqg5FWIMTwBl4J,2,1,3,,,,,
R_XOnf0kyY1GdbVJL,2,2,1,,,0,1,0
R_1DIKr1EKsIgRGug,3,1,3,1,5,1,1,0
R_RlfDEq74duyaPm1,0,1,2,1,0,0,0,0
R_sZiIVLTNR81sjG9,2,1,3,,,0,1,0
R_2SvP4pBsvkIhBX2,2,1,2,1,5,0,0,0
R_2cjXy47kuLFI7Jr,2,3,3,1,6,1,0,0
R_2QyNZEIPwd1BQNk,1,2,3,0,7,0,,0
R_2VHKSiEJqJ4k7yO,1,3,3,0,5,0,0,0
R_2zT3n1spcPa1pSM,1,1,3,0,1,0,0,0
R_31bzeFc2Td3gH05,0,3,3,0,7,0,0,0
R_2bCucX9tO6rE62J,0,2,3,0,7,0,0,1
R_3r38ubf9tCkeWG0,2,1,2,0,6,0,0,0
R_PvqBNZ5jm2ENAxH,2,2,3,0,7,0,,
R_1LLthAt22TRPULp,1,1,2,0,6,0,0,
R_28YRiVWlQz4hc0e,1,3,2,0,6,0,0,
R_qOXxDJcAQITY89j,2,1,2,0,5,,0,0
R_2BaeYPh5whv0ghC,0,3,2,1,5,0,0,1
R_3HGhol6YW8KOxks,0,1,3,1,6,0,,0
R_3kFl2TNGBZ7MRTT,2,1,3,1,6,0,,0
R_2v22XPuVxhUQJJB,0,1,3,1,6,0,0,0
R_11dy7gYZhcPLcp1,1,3,1,1,6,0,0,0
R_265e6jJrI1CVgIB,1,1,1,1,5,0,,0
R_2DNdjzsVidTwJr8,0,3,2,1,6,0,,0
R_1jPpVcWTeigajWR,0,2,2,1,5,0,,0
R_1eK2i7Dg38uXacc,2,1,3,1,7,0,0,
R_cFMJW9T6v08EXPH,0,2,1,0,5,0,0,0
R_1Kq1nm004yFEfy2,0,1,1,1,6,0,,0
R_31ctBCB9uD9VYW9,0,3,2,0,7,0,,0
R_1H202VVOVRhmCcq,2,2,1,1,6,0,0,0
R_1pKUwpEHNeTkGFY,0,2,1,1,7,0,,0
R_1n6nIegqgZQlOlv,0,1,3,0,5,0,0,0
R_3jV83qSKMqVznr8,0,1,1,0,5,0,0,0
R_2fwE4amZ0f6DFFf,0,2,2,0,5,0,0,0
R_3s7eZ0RDiUxNYrs,2,3,1,1,5,0,0,
R_1qUTiUvAC2nOprg,0,1,2,0,5,1,0,0
R_1NDCGThGrzYp0ZW,1,1,2,0,5,0,0,0
R_2fcSOY5v2wfCvnm,1,3,3,1,6,1,0,0
R_ab0WIhKB5RHFX45,1,2,1,0,7,0,0,
R_1LHvPfOrgRcV300,1,3,3,0,6,0,0,1
R_2AZHMZgNAbarHUj,1,1,1,0,7,1,0,0
R_vuYt5FxuZselqp3,1,1,1,1,7,0,0,0
R_2Bu0uBSFVJs1vAq,2,1,3,1,6,0,0,0
R_2zi5JmJeILZWohd,1,1,2,1,6,0,0,0
R_2q30DyrDphpKmOs,2,2,3,0,7,0,0,0
R_3nfy17B5vPm3Ovf,0,2,1,1,6,1,0,0
R_1CHYw4pfq8FBZqQ,2,3,3,0,6,0,0,0
R_6hgioD09OXj8GSB,2,1,1,0,5,1,0,0
R_2U9goWiiDEEJ33K,2,1,1,1,6,1,0,0
R_1gziQARzdPJB2Nn,2,2,1,0,7,0,0,1
R_31Yq24WZoy82IXp,1,2,2,0,5,0,0,0
R_1IoNMj8N6uTtHHU,1,1,3,1,6,,0,0
R_z9hN4S7RAct33fb,0,3,2,1,5,,,0
R_2t3QI14eyI6nBAh,1,3,3,1,5,0,0,0
R_33kCUsC4uTpQACc,1,3,2,1,5,0,0,0
R_2WPhCi571w6tcaN,0,2,2,1,5,,0,0
R_1EXTMD8oouyVZ9y,2,1,1,1,5,0,0,
R_3MohIOLWtFbwJlp,1,3,2,1,6,,0,0
R_1KkegJ6LYmoKAtr,1,3,1,1,6,,0,0
R_2B9cLcP9lGELDi1,2,2,1,1,5,,0,0
R_6YgWak2XlPRCmU9,1,1,1,0,7,0,0,
R_3MSaO2jitrhxY3N,2,3,3,0,6,0,,0
R_31sV9k41q4nhTjM,2,1,2,1,7,0,0,
R_tMaFTg8z9Vm1ysF,1,1,2,1,5,0,0,0
R_2690aFdSf9YYDdm,0,3,1,0,6,1,0,0
R_3LXrK3lFxds3XM4,2,1,2,1,6,0,0,0
R_3D2w7yhWUtqXvCB,0,3,1,0,5,0,1,
R_3GeV7pcnixVpbpI,0,1,1,0,5,0,0,0
R_RXpKyTkOESPy5wZ,1,3,1,0,7,0,0,0
R_3Lhhcs2L0oUxugp,2,2,3,1,6,0,1,
R_3GwBBQrnJCEqNto,1,1,2,1,5,0,0,0
R_r6cnr3XyTnE8cpj,2,2,1,0,5,0,1,1
R_1hAvPJibixS0Tcy,2,2,2,1,6,0,0,0
R_3D120QscjBsrk8o,2,2,3,1,6,0,0,0
R_1jAPa8NU11xwfAb,1,2,1,0,5,0,1,0
R_3CE1JdF8IRVQShH,1,3,1,1,6,0,0,0
R_2cnLcCcDZj1JmLi,0,2,3,0,7,,0,0
R_295kvygjndl4ucE,1,2,1,0,7,0,0,1
R_2fDTG7JMFQJJlPe,0,1,1,1,7,0,0,
R_3ktRGbSqRaUG2YJ,1,1,2,1,9,0,1,0
R_27HbcBRRuzmm7h0,0,3,1,1,9,0,1,0
R_25F0O0VNpEfM8nz,2,1,2,,,,,
R_2V9AgwlxGWOKH7m,3,1,3,0,4,0,1,0
R_3QFVK4F8sanmV1p,2,2,3,0,5,0,0,0
R_12LPgbA4Uu5NH1b,2,3,2,1,11,0,0,0
R_2UhJIKYFCkNnIi0,3,1,3,,,0,1,0
R_R3a90lZry2bgcCt,3,1,3,,,,,
R_1laFarDcxMTpqbR,2,1,1,1,21,1,1,0
R_31NrJ0xSGHGhgpZ,2,1,1,1,2,0,1,0
R_RIAsYNb1cP6Me53,0,2,2,0,5,,0,1
R_2CHDYOm9Fi0vDrK,0,1,2,0,5,0,0,0
R_vodxvcfdOwd9qPD,3,1,2,,,0,0,0
R_2fqfy3c9sPzx1mz,1,1,2,,,0,0,0
R_2RPwVb6LRznRog9,0,1,2,1,9,1,1,0
R_3gMo4mSCYNrkD9X,2,1,2,1,7,1,1,0
R_28IpaxXaaHEzo84,0,1,2,,,,,
R_22Dj5ITBJBKgFI0,0,1,2,,,1,1,0
R_4OUCy58vzVLHKFj,2,1,3,1,2,0,0,0
R_0vPvs6GRfeHV2Nz,2,3,2,1,15,1,1,1
R_3qaL6VrhgFiqi0m,2,1,1,1,9,0,0,0
R_30954UeBrne9brS,3,2,1,0,7,0,0,0
R_2ZESJj66bsltliO,1,1,3,,,,,
R_yHYbqlgphb2Yre1,2,1,1,0,8,0,0,0
R_3HSmw66aOk2VB5l,2,1,1,,,,,
R_ddnLGB6qCuANXRT,2,1,1,1,4,0,1,0
R_3dvZ6nmWGxGJ0o9,3,1,3,,,,,
R_1jiAflCjJl0zxOr,3,1,2,1,15,1,1,1
R_sI6IwrKdUjV68jT,3,1,1,1,20,1,1,0
R_3lJGhc3RnbzB32O,2,1,3,1,24,0,1,1
R_1Q0HRUMvXLWjPXs,2,1,1,1,21,1,1,1
R_yPDn8r58dKy2zm1,2,1,1,1,6,0,0,0
R_DTPZCtWe1NWWaqd,2,2,1,0,15,1,1,1
R_1DZPW160dFB6s7M,1,1,3,1,10,1,1,0
R_1gjsS99rg2PSpyO,0,1,1,1,5,1,1,1
R_2R8knTsD3XCMTzO,2,1,3,0,43,1,0,1
R_1DnCqe0ez3ukYs8,0,1,2,1,30,0,1,0
R_25MgCo0Yfo0Qb5F,3,1,3,1,20,1,1,0
R_3hbjjgPYQ6qMeJA,2,1,2,0,31,1,1,0
R_DwUFVB2B68OKlH3,2,3,2,0,16,0,1,0
R_RbkjQHBoZVdRBHH,1,1,2,1,10,1,1,0
R_2dSbAWfoqP9BCK4,2,1,1,1,21,0,1,0
R_1oG2T3EFjCV2vZD,2,1,1,1,2,1,1,1
R_VO7SCODDv3zqWGt,2,1,2,1,10,1,0,0
R_3fVPO5IJTI7Quhh,2,1,3,1,21,1,1,0
R_2f8nhnocLOeZciH,2,1,3,1,15,1,1,1
R_1cROrOkO2C46lSw,0,1,2,1,5,1,1,0
R_2sZUQlnkS0lhgNI,2,1,2,1,12,1,0,0
R_1KeGXu8onxZ2UKC,1,1,2,1,14,0,1,0
R_3QMJpxgcsYOkjAa,3,1,3,1,1,1,1,0
R_cXWgrurgJFacM5r,2,1,3,1,1,0,0,1
R_2OPzCO2iNqzkHyy,3,1,3,1,13,0,0,0
R_3mgBCO7CKSmcSPA,2,1,2,1,13,0,0,0
R_1FJq5XI1wzmCnJW,3,1,2,1,27,0,1,0
R_2ZKtdYDmpGfG4ru,0,1,2,1,1,1,1,1
R_dnk8K2MO32FCNjP,2,1,3,1,13,1,1,1
R_3GfvNXC5pQCSPen,1,1,2,1,10,1,0,1
R_9MJM2KU42EpMKK5,2,2,2,1,5,0,1,0
R_1CxBz0ZiaHDfO4S,0,3,2,1,6,1,0,0
R_2D5INPB66qP1Z58,1,1,2,1,15,0,0,0
R_2co52E5uriDTB7Z,0,1,3,1,14,1,0,0
R_1Q5ZN4lYogOhJg3,2,1,2,1,10,0,1,0
R_3k7mN7myiJW2g5M,2,1,3,0,7,1,1,1
R_1F5iiJqPCxrBsua,0,2,2,,,,,
R_25QrkTuOC4M4KGF,0,2,2,,,0,,0
R_0GuUCyEMSZRKtWN,1,1,1,,,0,0,0
R_Q0Lo9nYwu8lntER,0,1,1,,,,,
R_3EnzajmfuY2LZl5,0,2,1,,,,,
R_2fCnUk3P6hHbi29,2,1,2,1,13,0,,0
R_1gzHPZfHopnRqGw,1,1,2,1,7,0,0,0
R_3qps3xzKrM1tsow,2,1,2,1,7,1,0,0
R_38WnNgjb5zqlO9z,0,1,2,1,5,0,1,0
R_1mmvKg7H1y1al66,0,1,1,1,1,1,,1
R_rdQi1womXMptlYJ,1,1,2,0,5,0,0,0
R_3gYGuX3yR9jlawa,1,1,2,1,5,1,1,1
R_3ElKDbpt3HPq8yU,3,1,3,1,13,0,1,0
R_1LChU67P6TiEVco,2,1,2,,,,,
R_1GEvXfypGgUIIpn,3,1,3,1,8,0,1,0
R_2bVlB4jNal5jCf6,1,1,1,1,13,1,0,0
R_3KTLLlGSCBWXpF3,2,1,3,1,5,1,1,0
R_OOUNnFi6O1Ekhkl,2,1,3,1,9,0,0,0
R_1OC5uhE4TfvsX88,2,1,2,,,,,
R_277JfYZCxIOolsZ,2,1,2,1,18,1,1,1
R_1HkHGiaMoLfdjnJ,1,1,1,0,6,0,0,
R_31nOa3ZqqanXw9s,0,1,3,0,6,0,0,0
R_ZjBXuJz5yJXX0Kl,2,1,2,0,5,,0,0
R_3MhbeQf7IbAqMYS,0,1,1,,,,,
R_3exkIlJynvbAVzv,0,2,2,1,5,0,0,0
R_3P6OnAg7uojQ4zt,0,3,1,1,7,0,,
R_2TXijExJJNoByWv,2,2,1,1,6,0,0,0
R_sBdGEDQ2xHQKqT7,0,2,2,1,5,0,0,0
R_DMqQthddAS16KgV,2,1,3,1,24,1,1,1
R_3hFa9R9ESWlAn8V,2,1,2,1,6,1,1,0
R_xsJZHaXrU4fLL9f,2,1,1,,,,,
R_10OUdptUn4tD3ZO,2,1,1,,,,,
R_2PbSw60b3vA7tYK,1,,,,,,,
R_3ix1VFZhoPPjyFh,2,1,1,1,6,,0,
R_2WHXhHCnexCktYf,0,2,3,0,5,0,0,0
R_3CYcKoy0CHidpG9,2,2,1,1,7,0,0,
R_1rubelOK5jutI9K,0,1,1,1,8,1,1,0
R_2Siv46xVwh7Wz5X,2,1,3,0,1,0,0,0
R_2v1fLvmtMvlhwnN,2,1,2,1,5,1,0,1
R_3nGdWP7k6Em0OTs,1,1,1,0,2,,,
R_ZJ3VK2TJSKvVAuR,3,,2,1,5,0,1,0
R_0wWAa9NoprAaWbf,2,1,3,1,5,0,0,0
R_2e5anP8OzyeDq0z,2,1,3,1,20,1,1,1
R_3h9nrqh4gPQEIYB,2,1,3,1,13,1,1,0
R_3kOf0vtqldaaRew,1,1,3,1,2,1,1,0
R_33dsbtREEnzLwMm,2,1,2,1,23,0,1,0
R_1roweQuHwpMmg0d,0,1,3,1,39,1,1,1
R_3IY7RvlWDVAf2We,2,1,3,,,,,
R_wRvAGug55rOFnEJ,0,1,2,,,,,
R_1ps5s6rZggnRmlu,0,1,2,,,,,
R_tKT3cf6wemO51E5,2,1,3,,,,,
R_2SDGBT0CYkUrwsO,3,1,1,1,15,1,0,1
R_1TYqiun6g8eoW5P,3,1,3,,,,,
R_2B57qYJ0mfgdyab,1,1,2,,,,,
R_2Cm4sGwKHys80Yz,2,1,3,1,11,1,1,1
R_1JWUeYLw5pxY9bG,3,3,2,1,14,0,0,0
R_1fjELc1jQmztEKg,0,1,3,,,,,
R_VRsfwrrLcsnmkut,0,1,3,,,1,1,0
R_25uMfxrcOLOgtFW,1,1,2,,,,,
R_2TBIbc8OPQ3gDGZ,0,1,3,,,,,
R_2rNRWcUGPIw6qZH,2,3,2,,,,,
R_2X7h9wdjeCkIP80,0,1,2,,,,,
R_1g0wNMEs5V5Srqq,1,1,3,,,,,
R_3m1paq9Ms3fW8GY,1,1,1,,,,,
R_1HoAPtlsw5jnl8I,0,1,1,1,2,,,
R_3L7RO1DaZ6HKwBP,2,1,3,,,,,
R_1gubaPqjw8bcmGc,2,1,2,1,2,0,1,1
R_Q0NAWBuCvnbEpbj,2,1,2,,,,,
R_2tx59jzuqoZ994b,2,1,3,1,1,1,1,1
R_263hCqvITTnX4zR,2,1,2,1,9,1,1,0
R_271j07VasgaILHY,3,1,3,0,10,0,1,0
R_27jJWx61d1cdgfz,1,1,3,1,21,0,1,0
R_2VfpcE8ixU7Jr0Z,2,1,2,1,5,1,1,0
R_T5vGzogzt14Q2pr,2,1,2,1,25,0,1,0
R_1gLrALp6fE0zvgL,3,1,1,1,14,,0,
R_2OIQbnG8NT1ACXG,3,1,1,1,14,1,1,1
R_2EcuG8IVTeVBSaU,3,1,1,1,12,1,1,1
R_3EgQ3ZX5f2LgFO3,2,1,3,0,1,1,1,1
R_3KPHQnspvqf7cZq,3,1,1,1,5,0,0,0
R_2tkXWpy7oTZv0pV,2,1,3,1,10,1,1,0
R_11aAe3tiLum1DwZ,3,1,1,1,17,,,
R_3P51UDogJ3PhjLm,1,1,3,1,14,1,,1
R_11bSkQRQVa83GHI,2,1,3,1,22,0,,0
R_1gd0WuPN8eNLS1E,3,1,1,1,2,1,1,1
R_1rGmAPSGUf3pK2s,2,1,3,1,11,0,1,0
R_vxdwoOcxePhLsIx,2,1,2,1,15,0,0,0
R_2qrZuA6U35VZPhC,1,1,1,,,,,
R_2DUkQ2cGXXcTgja,1,1,2,,,,,
R_pipMaWBkR8jLZ29,2,1,3,,,,,
R_3J42JdnzDQGlXHB,1,1,2,1,5,0,0,0
R_1EYG5MDDIKaF3oK,3,1,1,1,3,0,0,0
R_2rOBRS7eke9Fk28,3,1,2,1,7,1,1,0
R_3JeCJwk5rvrsZly,3,1,1,1,6,0,0,0
R_cAu95l1zZLrivJf,2,1,2,1,25,0,0,0
R_3Jng730E8UFC4mk,0,1,2,1,7,0,0,0
R_2E4Yfhwr6o53hjS,0,1,2,1,1,1,0,0
R_424xVW87aS5Z5E5,3,1,1,1,4,0,1,0
R_2BnRHmrDZ4lJIN1,1,1,1,1,4,,,
R_1dKoizZHYbTtzAS,1,1,1,1,20,1,0,0
R_1H2d8c9h1zpsxei,3,1,1,1,4,0,0,0
R_1MTdPnNTpcTVbf1,2,1,1,1,12,0,1,1
R_0UqwgJnwSIcDkQ1,1,1,1,0,22,0,1,0
R_3CIwsgRs3i2vGaA,1,1,1,1,5,0,1,0
R_C9qKpf17AnZBxf3,1,1,2,1,16,1,1,1
R_3RdpdyEk2E0HyPx,2,1,3,1,20,1,1,1
R_27QJWzEhvPbXnR7,0,1,3,1,2,,,0
R_24wwu3ER1bTp4Nk,3,1,1,1,4,0,,0
R_R9NyLT0ZXRWt58l,2,1,2,1,1,1,1,1
R_322qO9KmEYwZO8k,2,1,2,1,4,1,0,1
R_2TEMEXBL9bMFVAA,0,1,3,1,7,1,1,1
R_RWShbzl4MhAgQkF,2,1,1,1,6,0,0,0
R_O1KJrGIfJ4DI7RL,2,1,3,1,19,0,1,1
R_1MWCpuBuhbiR29o,0,1,3,1,21,1,1,0
R_3JloJ3NfQFeWNRF,3,1,3,1,2,1,1,1
R_1HcRtpw2qUEZbfI,0,1,3,1,5,0,0,0
R_3iITcyLyIZfakMq,2,1,2,1,1,0,0,0
R_1FgNSwuNEexgIvA,3,1,3,1,20,0,1,0
R_2QKRCqmgly7aTad,1,1,1,1,19,1,1,0
R_3lSMQ5ZXqqmkLw5,3,1,2,1,6,0,0,0
R_1UelOBZZ9e4mGSB,2,1,3,1,21,1,0,1
R_bkkDCbRvEtn8Nvr,0,1,1,0,6,1,1,0
R_3FPvQL8M02r3Ba4,3,1,2,1,26,1,1,1
R_2s4IdNbptivR9kc,0,1,2,1,2,1,0,0
R_3RknoeMgKGjajGU,0,1,2,1,2,1,1,0
R_3FPz7mvNZGAOW96,1,1,2,1,6,1,1,0
R_ulvf0ZPNP77KYO5,0,1,1,1,3,1,1,0
R_2YQFfIMCm4PGRqa,0,1,2,0,7,0,1,0
R_ZmfUpYZGJ6aiWZP,0,1,2,1,15,1,1,0
R_3Gg1xPJyxXyfrKz,1,1,1,1,14,1,,0
R_ClY300YCTGjGMGB,1,1,1,0,2,1,1,0
R_qXFChD5SC3CrwGt,0,1,1,1,11,0,1,0
R_3qBXPzCySJkCqob,3,1,1,1,8,0,1,0
R_3lLZq5H7vUfEnLO,1,1,2,1,18,1,1,0
R_vuYxK8D0WRW1jMd,0,1,1,1,20,1,1,0
R_3lRorX6TRGvsr99,3,1,3,1,40,1,1,1
R_33v77AAoLHc6SDX,3,1,3,1,9,,,0
R_2zU2VvQ5YGf20m1,2,1,3,1,11,0,1,0
R_2UXA3XyJEWFePOk,3,1,2,1,4,1,,1
R_Cml7oRfJOFnMgyB,2,1,1,1,20,,,
R_2Yt6AADAJu80zSE,0,1,2,1,19,0,1,0
R_1nMACkRJuJPFytH,3,1,3,1,19,0,1,0
R_1LdKeYtr56fhWIX,3,1,3,1,2,,,
R_a8E6UlcJ8omM3Jv,2,1,2,1,26,1,1,0
R_1jj5TiFulejRjjb,3,1,3,1,4,,1,0
R_3F2UfwD6nffAYNN,3,1,3,1,2,0,0,0
R_1pYHste9hn4TSE1,3,1,3,1,21,0,0,0
R_2CIZEbThzSKpL6o,1,1,2,1,14,0,,0
R_3oSKRZLlA0VO3yF,0,1,2,1,19,0,1,0
R_2cw7sMVQr49tYhZ,1,1,2,1,5,1,1,0
R_1g1idlH8QPCtRa4,3,1,3,1,13,1,1,0
R_1QoyknEt57wCx9b,3,1,3,1,3,,,0
R_2R48xSWWiKwqERE,2,1,2,1,15,0,0,0
R_3R8TLgzSi6XrJZF,2,1,3,1,7,1,1,1
R_3qWqyT3x7c1pgQ9,3,1,2,1,18,1,1,1
R_1DYahNLI5FArV7B,2,1,3,1,5,1,1,1
R_3ypKOewEC9ryZLr,3,1,1,1,8,1,1,1
R_3fNMVR2m9bxs88j,0,1,2,1,20,,,
R_27H8msJwO6Hs6U3,3,1,3,0,12,0,0,0
R_2q3jKwGO3wUxzK1,3,1,3,1,2,1,1,0
R_2SxhmXKYj4T9kQB,0,1,1,1,29,1,1,1
R_3Dw0fMocKTu5NdL,2,1,3,1,10,1,0,0
R_2t5UqlDq2YUl7Ej,0,1,1,1,5,,,0
R_3hoKkYHifsPnShy,3,1,3,1,15,1,,1
R_R98iZgr9WA2SJEt,1,1,2,1,19,0,1,1
R_C3xcqbbnkDsOJJ7,1,1,1,1,15,0,1,0
R_31uVvsVN9ySA7cJ,1,1,1,1,10,0,0,0
R_6MAWzuQGTguK58Z,2,1,3,0,8,0,0,0
R_6YfrkBNJVJCGDjb,2,1,3,1,2,1,0,0
R_1QrOTSM8fFuA0tU,3,1,2,1,2,0,1,0
R_2dngd6VTaOt7AUC,0,1,1,1,2,0,1,0
R_246urQPqOIgU1rH,3,1,3,1,15,0,1,0
R_3PdcG4nx7PGfChH,2,1,1,1,8,0,1,0
R_3qpwaKaMzDoengf,3,1,3,1,10,0,1,0
R_bx53SRIK1HAxR29,0,1,1,1,4,,,
R_1PcPtbcjhvWVt6v,3,1,1,1,15,1,0,0
R_3s4eVpnjZJwah9X,2,1,3,1,8,1,1,1
R_2wNoPKysPf8t5kO,0,1,2,1,5,1,1,0
R_2wFRbuEGqAI44lH,3,1,2,1,15,0,0,0
R_27KIKzYgmsd5ECq,2,1,3,1,16,0,1,0
R_2uwiH769i1B8KoC,0,1,2,1,2,1,1,0
R_tFXHsEZ4x8YmbVD,1,1,1,1,13,0,1,1
R_wOfqNuChTfY3Yel,0,1,2,0,3,0,,0
R_2rjvBohqNmtD53Y,0,1,2,1,2,1,1,1
R_2y8ykgMfPb8AXdr,3,1,3,1,16,0,1,1
R_3IWDievDmE7Aqen,0,1,2,1,11,1,1,0
R_1OB1Ylac1zpSKRm,0,1,3,1,9,0,1,0
R_3EQKkdKH36o0qI2,2,1,3,1,1,1,1,1
R_2DV6bTzsDZniSZW,3,1,3,1,21,1,1,1
R_2b32nvSCtlOMEw6,3,1,2,1,23,0,,
R_3qKBmmycK21Tey6,0,1,3,1,12,1,1,1
R_1lrAGLqo9btNrU2,3,1,3,1,5,1,1,0
R_pFtEqwZwf6Jzg1X,3,1,3,1,10,1,1,1
R_3nooVs0fRpIPkMV,0,1,1,1,4,1,1,0
R_2pQWTS9L44ChaMQ,3,1,3,1,2,1,,0
R_phmIG9rWVtkpd8R,0,1,3,1,1,1,,0
R_2YhQgxD3g9BGBPa,0,1,1,1,22,1,1,1
R_A68pRILwcgRdUjf,2,1,3,1,10,1,0,0
R_qyopEO9yamKU6Pv,3,1,1,1,15,0,1,0
R_3oLe6GKVyXhKzt2,0,1,2,1,9,0,1,0
R_0ka7pGdPv8OxOSZ,0,1,1,1,1,1,1,0
R_1rk6oFuPOyyShmk,0,1,2,1,6,1,1,0
R_3PNPhsghVBK9Yx5,1,1,3,1,17,,,
R_Wok7QFQK8PWbe9z,0,1,3,1,27,0,1,0
R_2BA8PUKbh8Ho9Qd,3,1,3,1,,0,1,0
R_3HBpSoXJlDgBUqx,1,1,1,0,9,0,0,0
R_qRxC8F66jwyM2cx,1,1,1,1,5,0,0,0
R_273RODQr0AiFEBA,3,1,3,1,9,1,1,0
R_31du6BWQuWUef81,3,1,3,0,7,0,1,0
R_2QLN9MNUAsQAUCf,0,1,2,1,1,0,1,0
R_1mlQui3IKhGTs6Q,0,1,1,1,18,0,,0
R_Y0jNMVKOmJ6sM1j,3,1,2,1,8,,,
R_12D7jOK59tyhlrt,0,1,2,1,1,0,1,0
R_2BwEkZxVbSNGGd0,0,1,3,1,3,0,0,0
R_21nbvRvhNfs8e2i,0,1,1,1,16,1,1,0
R_1lymnH2z7t7mSJO,0,1,1,1,1,0,0,0
R_2EDXnTNq1PuYFZm,3,1,3,1,16,0,1,0
R_rd03NmeqEp169mV,3,1,3,,,,,
R_2X7Fh5ATRkUJrQS,1,1,1,1,14,0,,0
R_9FyMTq8rROvakRH,2,1,3,,,0,1,0
R_31NIIkFfqQatuFh,3,1,2,,,,,
R_3EROKeQqGWUsoiY,3,1,3,,,0,0,0
R_2xzpj3PB7jbGKiF,2,1,3,,,0,1,0
R_RIhSScteL83d6Ex,1,1,3,1,17,0,1,0
R_3KDYgJykSZVVwOk,0,1,1,0,4,1,,0
R_sj6r8MiSXfYrhyF,3,1,1,1,12,0,1,0
R_1rP0ObSjPD4LdJH,0,1,1,1,4,0,0,0
R_1Ia31W9C0xw1zD6,1,1,1,1,22,0,,0
R_1FaH2XzEgjWHqJP,2,1,3,1,40,1,1,1
R_QmphgZmf6YUK03D,3,1,3,1,10,0,1,1
R_2Vedx3vW42JUnBd,3,1,3,1,5,0,1,0
R_3CVnTPgju0TQGBI,2,1,2,1,29,0,1,1
R_2PBArC515doWJ3y,3,1,3,0,8,,,
R_BVSOBXdwMUfvz3P,2,1,2,1,20,0,0,0
R_10ZWes8h1qIbsY4,0,1,1,1,19,1,1,0
R_3HMSRx4cKKIVjuV,0,1,3,1,22,1,1,0
R_A4gTK8OBWdATB85,0,1,1,1,4,1,0,0
R_3ff1YgDmWwXqd5z,1,1,2,1,17,,,0
R_3MnyrAFWyjyGS4N,3,1,1,,,,,
R_BKtJU6RQMrVjylX,3,1,1,1,12,1,0,0
R_OuJ2lWZnB9dd9WV,0,1,3,,,,,
R_2foAJ9ShZbEWCka,2,1,3,0,20,0,0,0
R_pfLyqdH57SGJqGB,2,1,2,,,,,
R_3Lk9S4527ud1CNL,0,1,3,,,,,
R_3nGikUOyV16ySiE,0,1,1,1,9,,,0
R_vdIy3wWXXGIwSR3,1,1,2,,,,,
R_3MPBD8cUr3nm1rl,2,1,1,,,1,1,1
R_2rOxdQQUQ1iXpdq,3,1,3,,,,,
R_2aEmxFfGvCZOD30,0,1,2,,,0,0,0
R_2S80hHqknnwrdMx,0,1,2,,,,,
R_Pv7aeL5D8ZNbElz,0,1,1,0,26,1,0,0
R_Z1pgeGufOBYlOOl,2,1,3,1,13,1,1,0
R_2zPj5RpAhYIkNrO,3,1,3,,,,,
R_2yjVGZZDqMUpUNI,1,1,2,,,0,1,0
R_1LdFyZlyTKccQHt,2,1,2,1,6,0,1,1
R_2WZSDp4oKEPKQ3e,2,1,3,1,25,0,1,0
R_1K6FtTPxvlpkqBb,1,1,3,1,7,1,1,0
R_1gIvDsZzVqV0WXy,0,1,2,1,16,1,1,1
R_2nUNQ3l0sie7G9P,1,1,2,0,2,1,1,0
R_2D22lcwA0uY7yvv,2,1,3,1,15,0,0,0
R_3kB3sNp0sLQ3BFL,3,1,3,1,3,1,1,1
R_3HGsW3WI57rOcIJ,1,1,2,1,14,1,1,0
R_3dY8o2VZmPcZv7W,1,1,1,1,3,1,0,0
R_1KflhOVVu8wSU2j,2,1,3,1,12,,,
R_1KvVhaUxcc93qT9,1,1,2,0,20,0,1,0
R_31mTPb8LU28e3ZW,3,1,2,1,6,0,1,0
R_24JiGXUvzmF5W8w,0,1,2,1,20,1,1,1
R_2EAgkkbJQklrcha,1,1,3,1,13,1,1,0
R_0USTmKcnLEfteox,1,1,3,1,28,1,1,0
R_3O17MGwFANBW3xM,1,1,3,1,33,1,1,0
R_24rfZ5TIgPOLpVk,3,1,2,1,13,1,0,0
R_8Ahehzpi9KuOD05,1,1,1,1,18,,,
R_3rOmTKZu3Du1ql5,0,1,1,0,10,,,
R_21jIwU56CcUnz7c,3,1,3,1,6,1,1,0
R_25Z3uXpdRk6wgxz,0,1,2,1,7,1,1,1
R_3Krt7Mgs2gefDiG,2,1,2,1,5,1,1,1
R_1eEJXUaEJWiTE0q,0,1,3,1,12,0,1,0
R_2RVyLvJqXc7t6Su,0,1,1,1,23,0,,0
R_21oX2zRVqx099U0,2,1,1,1,9,0,1,0
R_b7arPqEirL3jivL,2,1,3,1,13,1,1,1
R_1jWbJWVsE0R8xYv,0,1,2,1,8,1,1,0
R_1gNt1zqzXoBwtlh,0,1,1,1,3,1,1,1
R_3Gcz5GR51R4rgSt,2,1,3,1,20,,,
R_BEyELnCwaRuyp1v,1,1,2,1,31,0,0,0
R_AoYLj2VyMRUZa9z,2,1,2,1,12,0,1,0
R_scHG3Ci1pc0jOkF,3,1,3,1,2,1,0,0
R_3etsH1mrWNoapjc,1,1,2,1,8,1,1,0
R_1LUNB1qVHGq07f6,0,1,1,1,10,0,1,0
R_sheS3uDgPOMgWPL,1,1,3,1,9,1,1,1
R_ZdVVwPplP9KJzSV,0,1,3,1,2,0,1,0
R_2S1tP8QgeCi9jNH,2,1,3,0,6,0,1,0
R_2XdFxHkQKznVSTb,3,1,3,1,21,0,,0
R_2t393pN5m4Imo9h,0,1,1,1,6,0,1,0
R_2EmLGHvom9AVGHM,0,1,3,1,15,1,1,0
R_uymSgNeErxovgt3,0,1,2,1,24,1,0,0
R_2rInyv1vm6RsP41,3,1,1,1,2,0,0,0
R_2wpPcdUTW90VAR3,1,1,2,0,20,1,1,1
R_3qKC8ZPwYDboLmv,1,1,1,1,30,0,0,0
R_3I9IDhdtfQzAlLk,0,1,2,,3,1,1,1
R_2f0OpAeTOUoj41G,3,1,3,0,14,0,1,0
R_BPVXZsoeWUe53G1,0,1,3,1,2,0,1,0
R_O0zste9mXvcUfT3,3,1,2,1,15,1,1,0
R_1FSbNz5QYMhTS3Q,3,1,2,1,7,1,0,0
R_28ZoWizLArXAwq5,2,1,3,1,14,0,0,1
R_UlpRyroQdmRBkTD,1,1,1,1,8,0,1,1
R_2Ucp7D64waIUlgy,0,1,2,1,16,1,1,0
R_Ovh3AvYza852XCh,3,1,2,1,5,0,1,0
R_1rkvdc5R32bXUyq,2,1,3,1,4,1,1,0
R_WrNdfpSQ8isBprH,1,1,3,1,5,0,1,0
R_2SjjpneiZJy46RJ,3,1,3,1,5,0,0,0
R_3EYXTvuBheGvuFW,0,1,2,1,16,1,1,0
R_2TujeZvqvbSX0EH,3,1,3,1,12,1,1,1
R_1rrbBKeAcfoGRZQ,1,1,1,1,13,0,1,0
R_2RZVo6MSgx4GHDA,3,1,3,,,1,1,1
R_1ds1sS0Mb6TK2ZP,0,1,1,,,,,
R_2qCX8MZUEHAnqWj,2,1,3,1,2,1,1,1
R_1Qi6ubuKl4VIQCG,2,1,3,1,19,1,1,0
R_2EuEkCsBirOHDuV,0,1,3,1,8,0,0,0
R_12gwCKmF84O5ZDz,3,1,3,1,20,1,1,0
R_2mBR6lSvLFk4Gzf,3,1,1,0,8,,,0
R_2xJMBSOVwrqNunm,3,1,1,1,19,0,1,0
R_1odpKx8x6QYfJUi,1,1,2,1,9,0,1,0
R_0uLm3zgQjiqlOWB,2,1,3,0,2,0,0,0
R_23WbC3Jq5pc1WTt,1,1,3,1,16,1,1,0
R_u8ObVPiSzheU0jn,0,1,1,1,20,0,1,0
R_1kTGkeEcsuGSncu,1,1,1,1,20,0,0,0
R_2y48hRqJwnCtyhu,0,1,3,1,5,,,
R_3CQ1DBea60NC6cp,2,1,3,1,6,1,1,0
R_2w7dB6GTrU47BWd,3,1,2,1,5,0,1,0
R_2S0LOv9w77MpEuX,0,1,1,1,6,,,
R_1P2hdhBYWliHG6o,2,1,2,1,24,1,1,0
R_2V2WYr18Lc1YfJW,0,1,1,1,6,0,1,0
R_3ey42kW2veL1VF9,0,1,2,,,,,
R_124H2FQgkubVsQf,2,1,3,,,1,1,1
R_1LccQFetB6NHnqO,2,1,1,0,6,0,0,0
R_A6t6swXkFo1RdaF,0,1,3,1,27,1,1,1
R_3KuM2zSvR6XSih3,3,1,2,1,1,1,1,0
R_3PdykcdFHaEhRMl,0,1,1,,,0,1,0
R_1MXNIOFjdKkex5F,2,1,2,,,,,
R_9z5N8kWk6DhYGB3,2,1,2,,,0,,0
R_2wtY7pF8VDSHrLq,1,1,3,,,,,
R_RlYyeSpHCkkaprj,1,1,3,,,0,0,0
R_12zCpSjhaYTuj38,0,1,2,,,1,0,0
R_3Q00aSW9Ng4BSki,1,1,3,1,7,,1,0
