"","pupil","class","extrav","sex","texp","popular","popteach"
"1",1,1,5,"Female",24,6.3,6
"2",2,1,7,"Male",24,4.9,5
"3",3,1,4,"Female",24,5.3,6
"4",4,1,3,"Female",24,4.7,5
"5",5,1,5,"Female",24,6,6
"6",6,1,4,"Male",24,4.7,5
"7",7,1,5,"Male",24,5.9,5
"8",8,1,4,"Male",24,4.2,5
"9",9,1,5,"Male",24,5.2,5
"10",10,1,5,"Male",24,3.9,3
"11",11,1,5,"Female",24,5.7,5
"12",12,1,5,"Female",24,4.8,5
"13",13,1,5,"Male",24,5,5
"14",14,1,5,"Female",24,5.5,6
"15",15,1,5,"Female",24,6,5
"16",16,1,6,"Female",24,5.7,5
"17",17,1,4,"Male",24,3.2,2
"18",18,1,4,"Male",24,3.1,3
"19",19,1,7,"Female",24,6.6,7
"20",20,1,4,"Male",24,4.8,4
"21",1,2,8,"Female",14,6.4,6
"22",2,2,4,"Male",14,2.4,3
"23",3,2,6,"Male",14,3.7,4
"24",4,2,5,"Female",14,4.4,4
"25",5,2,5,"Female",14,4.3,4
"26",6,2,5,"Male",14,4,4
"27",7,2,4,"Female",14,3.8,5
"28",8,2,5,"Male",14,4.2,5
"29",9,2,6,"Female",14,5.1,4
"30",10,2,4,"Female",14,4.1,4
"31",11,2,6,"Female",14,4.6,5
"32",12,2,4,"Male",14,4.9,3
"33",13,2,4,"Male",14,3.1,4
"34",14,2,3,"Male",14,3.2,3
"35",15,2,6,"Male",14,4.4,5
"36",16,2,5,"Female",14,3.7,4
"37",17,2,5,"Female",14,6.1,6
"38",18,2,3,"Female",14,3.5,5
"39",19,2,4,"Male",14,2.9,3
"40",20,2,5,"Male",14,3.3,3
"41",1,3,5,"Male",13,4.2,4
"42",2,3,5,"Female",13,6,6
"43",3,3,4,"Female",13,4.6,5
"44",4,3,4,"Female",13,4.9,4
"45",5,3,6,"Male",13,4.7,3
"46",6,3,5,"Female",13,4.8,4
"47",7,3,5,"Male",13,2.8,3
"48",8,3,7,"Female",13,6.7,5
"49",9,3,4,"Female",13,4.9,5
"50",10,3,7,"Female",13,6.3,6
"51",11,3,6,"Female",13,5.6,6
"52",12,3,4,"Female",13,3.1,3
"53",13,3,5,"Female",13,3.5,4
"54",14,3,4,"Female",13,4.7,5
"55",15,3,6,"Male",13,4.3,4
"56",16,3,7,"Male",13,4.9,5
"57",17,3,6,"Female",13,5.9,6
"58",18,3,4,"Male",13,2.6,2
"59",1,4,3,"Female",20,4.1,4
"60",2,4,2,"Female",20,5.3,5
"61",3,4,5,"Female",20,6.1,7
"62",4,4,6,"Female",20,6,6
"63",5,4,6,"Female",20,6.3,7
"64",6,4,3,"Male",20,4,5
"65",7,4,6,"Male",20,5.3,7
"66",8,4,4,"Male",20,5.6,6
"67",9,4,5,"Male",20,5.2,6
"68",10,4,6,"Female",20,6.2,7
"69",11,4,6,"Male",20,6.1,5
"70",12,4,4,"Male",20,3.9,4
"71",13,4,3,"Male",20,4.8,4
"72",14,4,5,"Male",20,5.8,5
"73",15,4,6,"Male",20,4.9,6
"74",16,4,5,"Female",20,6.6,7
"75",17,4,4,"Female",20,5.6,6
"76",18,4,5,"Male",20,4.5,5
"77",19,4,4,"Male",20,5.4,6
"78",20,4,6,"Male",20,4.9,5
"79",21,4,4,"Male",20,5.4,4
"80",22,4,5,"Female",20,6.7,7
"81",23,4,7,"Male",20,6.3,6
"82",1,5,7,"Male",5,4.2,5
"83",2,5,4,"Female",5,4,4
"84",3,5,5,"Male",5,4.7,5
"85",4,5,4,"Female",5,4.7,5
"86",5,5,6,"Male",5,5.2,4
"87",6,5,7,"Male",5,5.8,5
"88",7,5,6,"Male",5,4.4,6
"89",8,5,4,"Female",5,3.8,5
"90",9,5,6,"Female",5,5.9,5
"91",10,5,8,"Male",5,7,7
"92",11,5,7,"Female",5,7.3,6
"93",12,5,6,"Female",5,5.6,6
"94",13,5,7,"Male",5,5.6,6
"95",14,5,6,"Female",5,6.3,7
"96",15,5,6,"Male",5,4.2,4
"97",16,5,5,"Female",5,4.6,5
"98",17,5,6,"Female",5,6.1,5
"99",18,5,6,"Male",5,5,5
"100",19,5,6,"Female",5,5.8,5
"101",20,5,5,"Male",5,5.5,6
"102",21,5,6,"Male",5,5.3,5
"103",1,6,4,"Male",8,4.1,4
"104",2,6,6,"Female",8,5.8,6
"105",3,6,5,"Female",8,4.2,4
"106",4,6,5,"Female",8,3.9,4
"107",5,6,4,"Female",8,5,4
"108",6,6,4,"Female",8,4.4,4
"109",7,6,6,"Male",8,4.3,5
"110",8,6,5,"Male",8,3.3,4
"111",9,6,4,"Female",8,3.1,4
"112",10,6,7,"Female",8,6.4,7
"113",11,6,5,"Male",8,3.5,3
"114",12,6,6,"Female",8,5.9,5
"115",13,6,5,"Female",8,4.2,5
"116",14,6,3,"Male",8,3.5,3
"117",15,6,4,"Female",8,4.6,5
"118",16,6,6,"Male",8,5.1,5
"119",17,6,5,"Male",8,4.2,3
"120",18,6,7,"Male",8,4.9,5
"121",19,6,5,"Male",8,3.6,4
"122",20,6,4,"Male",8,2.7,3
"123",1,7,6,"Female",17,5.8,5
"124",2,7,4,"Female",17,4.8,4
"125",3,7,4,"Male",17,4.4,4
"126",4,7,4,"Male",17,1.7,2
"127",5,7,4,"Male",17,3.6,3
"128",6,7,5,"Female",17,3.8,4
"129",7,7,4,"Male",17,4.1,3
"130",8,7,5,"Female",17,5.7,6
"131",9,7,6,"Male",17,2.9,4
"132",10,7,5,"Female",17,4.9,6
"133",11,7,5,"Male",17,5.1,4
"134",12,7,6,"Male",17,4,3
"135",13,7,4,"Male",17,3,4
"136",14,7,4,"Female",17,4.7,5
"137",15,7,7,"Male",17,2.8,4
"138",16,7,5,"Male",17,3.7,4
"139",17,7,6,"Female",17,5.1,5
"140",18,7,5,"Male",17,3.5,3
"141",19,7,5,"Female",17,4.7,4
"142",20,7,7,"Female",17,6,6
"143",21,7,5,"Male",17,4,5
"144",1,8,6,"Female",12,6.1,6
"145",2,8,5,"Male",12,3.2,3
"146",3,8,4,"Female",12,3.3,3
"147",4,8,7,"Female",12,5,5
"148",5,8,6,"Male",12,4.2,5
"149",6,8,7,"Female",12,5.6,5
"150",7,8,6,"Male",12,3.9,3
"151",8,8,5,"Female",12,4.5,4
"152",9,8,6,"Male",12,2.2,3
"153",10,8,5,"Female",12,4.2,4
"154",11,8,4,"Male",12,1.5,2
"155",12,8,5,"Male",12,3.2,3
"156",13,8,5,"Male",12,2.7,3
"157",14,8,5,"Female",12,4.1,4
"158",15,8,7,"Male",12,4.8,4
"159",16,8,5,"Male",12,3.5,3
"160",17,8,5,"Female",12,3.6,4
"161",18,8,7,"Female",12,5.5,5
"162",19,8,6,"Female",12,4.8,5
"163",20,8,5,"Female",12,3.5,2
"164",1,9,6,"Male",9,5.2,5
"165",2,9,5,"Female",9,6,5
"166",3,9,5,"Female",9,5.1,5
"167",4,9,6,"Female",9,5.3,6
"168",5,9,6,"Female",9,6.7,7
"169",6,9,5,"Male",9,3.6,4
"170",7,9,5,"Male",9,3.5,4
"171",8,9,5,"Male",9,3.9,4
"172",9,9,5,"Male",9,4.3,5
"173",10,9,5,"Male",9,4,4
"174",11,9,3,"Male",9,4.6,4
"175",12,9,4,"Female",9,4.5,4
"176",13,9,4,"Male",9,3.6,4
"177",14,9,5,"Male",9,2.6,3
"178",15,9,4,"Male",9,3.9,5
"179",16,9,6,"Male",9,5,5
"180",17,9,6,"Female",9,4.5,6
"181",18,9,7,"Female",9,7.3,6
"182",19,9,6,"Female",9,6.7,7
"183",20,9,4,"Male",9,2.9,4
"184",1,10,5,"Male",21,5.4,5
"185",2,10,6,"Female",21,6.3,5
"186",3,10,5,"Male",21,3.4,3
"187",4,10,4,"Female",21,4.9,5
"188",5,10,5,"Male",21,5.1,7
"189",6,10,6,"Female",21,7,6
"190",7,10,5,"Male",21,5.4,4
"191",8,10,5,"Male",21,4.9,4
"192",9,10,6,"Female",21,6.6,6
"193",10,10,5,"Female",21,5.8,6
"194",11,10,6,"Male",21,4.4,6
"195",12,10,6,"Male",21,4.9,5
"196",13,10,7,"Female",21,6,6
"197",14,10,6,"Male",21,4.8,3
"198",15,10,3,"Male",21,3.6,3
"199",16,10,5,"Male",21,5,6
"200",17,10,3,"Male",21,5.5,5
"201",18,10,6,"Male",21,5,4
"202",19,10,3,"Female",21,5.2,5
"203",20,10,6,"Female",21,5.4,7
"204",21,10,4,"Female",21,6,6
"205",22,10,6,"Female",21,5.7,6
"206",23,10,4,"Female",21,6.1,5
"207",24,10,5,"Female",21,5.2,5
"208",1,11,4,"Male",11,4.7,5
"209",2,11,5,"Female",11,5.5,5
"210",3,11,5,"Female",11,4.8,5
"211",4,11,6,"Male",11,4.9,5
"212",5,11,5,"Male",11,4.6,3
"213",6,11,6,"Female",11,4.6,5
"214",7,11,5,"Male",11,3.4,3
"215",8,11,7,"Female",11,5.6,7
"216",9,11,4,"Female",11,5.4,5
"217",10,11,5,"Female",11,5.6,5
"218",11,11,6,"Male",11,3.2,5
"219",12,11,6,"Male",11,5.1,6
"220",13,11,6,"Male",11,4.4,4
"221",14,11,6,"Female",11,4.8,6
"222",15,11,4,"Female",11,4.2,4
"223",16,11,5,"Male",11,4.3,3
"224",17,11,5,"Male",11,4.2,3
"225",18,11,6,"Male",11,4,5
"226",19,11,4,"Male",11,1.6,2
"227",20,11,5,"Female",11,4.9,5
"228",21,11,5,"Female",11,3.8,4
"229",22,11,4,"Male",11,4.1,4
"230",1,12,5,"Male",16,3.7,3
"231",2,12,4,"Female",16,4.8,5
"232",3,12,2,"Female",16,4.2,4
"233",4,12,7,"Female",16,5.7,7
"234",5,12,4,"Female",16,4.6,4
"235",6,12,3,"Male",16,3.8,4
"236",7,12,4,"Male",16,2.8,3
"237",8,12,6,"Male",16,4.7,5
"238",9,12,5,"Female",16,5.6,5
"239",10,12,3,"Female",16,2.8,4
"240",11,12,4,"Male",16,3.8,2
"241",12,12,3,"Male",16,2.4,4
"242",13,12,4,"Female",16,5.3,5
"243",14,12,4,"Male",16,3.5,4
"244",15,12,4,"Male",16,4.5,3
"245",16,12,5,"Male",16,4.5,4
"246",17,12,6,"Male",16,4.5,5
"247",2,13,4,"Female",19,6.5,6
"248",3,13,4,"Female",19,6.4,5
"249",4,13,6,"Male",19,6.2,6
"250",5,13,6,"Male",19,6.1,6
"251",6,13,5,"Female",19,5.6,7
"252",7,13,4,"Female",19,6.3,7
"253",8,13,6,"Male",19,6.2,7
"254",9,13,6,"Female",19,6.2,7
"255",10,13,6,"Male",19,5.7,6
"256",11,13,7,"Male",19,5.9,6
"257",12,13,3,"Female",19,5,5
"258",13,13,4,"Female",19,6.1,7
"259",14,13,4,"Male",19,4.5,5
"260",15,13,6,"Female",19,7.2,7
"261",16,13,6,"Male",19,6.3,7
"262",17,13,4,"Male",19,4.8,5
"263",18,13,7,"Female",19,8,8
"264",19,13,5,"Female",19,6,6
"265",20,13,5,"Female",19,7.7,7
"266",21,13,4,"Female",19,6.1,7
"267",1,14,7,"Male",2,3,3
"268",2,14,6,"Male",2,3.3,4
"269",3,14,9,"Male",2,5.3,6
"270",4,14,7,"Male",2,3.2,3
"271",5,14,6,"Male",2,3.6,5
"272",6,14,8,"Male",2,4.5,6
"273",7,14,5,"Male",2,1.4,2
"274",8,14,6,"Male",2,2.3,3
"275",9,14,6,"Male",2,2.8,3
"276",10,14,8,"Male",2,4.5,4
"277",11,14,7,"Male",2,3.9,4
"278",12,14,7,"Male",2,4.5,6
"279",13,14,7,"Male",2,3.1,4
"280",14,14,7,"Male",2,4.5,5
"281",15,14,6,"Male",2,2.3,2
"282",16,14,8,"Male",2,6.5,6
"283",17,14,6,"Male",2,3.1,3
"284",1,15,5,"Male",8,4.2,2
"285",2,15,5,"Male",8,3.4,4
"286",3,15,4,"Male",8,4,2
"287",4,15,4,"Male",8,3.1,1
"288",5,15,7,"Male",8,6.3,6
"289",6,15,6,"Female",8,4.4,5
"290",7,15,6,"Female",8,5.5,5
"291",8,15,8,"Female",8,7.9,8
"292",9,15,5,"Male",8,2.9,4
"293",10,15,8,"Male",8,6.4,6
"294",11,15,5,"Female",8,5.1,6
"295",12,15,7,"Male",8,4.3,4
"296",13,15,6,"Male",8,4.3,5
"297",14,15,5,"Female",8,5.8,6
"298",15,15,6,"Male",8,4.5,5
"299",16,15,5,"Female",8,4.5,4
"300",17,15,6,"Male",8,6,6
"301",18,15,6,"Female",8,5.6,5
"302",19,15,6,"Male",8,4.7,5
"303",20,15,4,"Female",8,4.5,4
"304",21,15,3,"Male",8,4.3,3
"305",22,15,5,"Male",8,3.2,3
"306",23,15,5,"Male",8,5,5
"307",24,15,4,"Male",8,2.9,3
"308",1,16,5,"Female",11,4.2,4
"309",2,16,6,"Female",11,5.6,5
"310",3,16,5,"Female",11,4.5,5
"311",4,16,7,"Female",11,6.3,6
"312",5,16,5,"Female",11,5.1,5
"313",6,16,5,"Male",11,2.8,2
"314",7,16,6,"Female",11,6.3,6
"315",8,16,8,"Male",11,3.1,4
"316",9,16,5,"Female",11,5.4,5
"317",10,16,6,"Female",11,4.7,5
"318",11,16,8,"Female",11,6.5,6
"319",12,16,6,"Female",11,4.5,4
"320",13,16,7,"Female",11,6.8,5
"321",14,16,5,"Male",11,2.9,4
"322",15,16,4,"Female",11,5.1,4
"323",16,16,6,"Female",11,4.2,4
"324",17,16,6,"Female",11,5.1,5
"325",1,17,4,"Male",16,3.7,4
"326",2,17,3,"Female",16,5.2,5
"327",3,17,6,"Male",16,6.3,5
"328",4,17,5,"Male",16,3.9,5
"329",5,17,3,"Female",16,5.3,5
"330",6,17,5,"Male",16,3.7,5
"331",7,17,6,"Female",16,5.8,6
"332",8,17,4,"Female",16,4.6,5
"333",9,17,5,"Female",16,5.9,6
"334",10,17,5,"Female",16,5.8,6
"335",11,17,6,"Female",16,6.6,7
"336",12,17,4,"Male",16,3.7,3
"337",13,17,6,"Male",16,5.8,5
"338",14,17,6,"Female",16,6.2,6
"339",15,17,6,"Male",16,4.8,5
"340",16,17,6,"Female",16,7,6
"341",17,17,3,"Female",16,5.4,4
"342",18,17,5,"Female",16,7,6
"343",19,17,4,"Male",16,3.3,3
"344",20,17,7,"Female",16,6.7,6
"345",21,17,5,"Female",16,5.6,6
"346",22,17,4,"Male",16,3.5,4
"347",23,17,4,"Male",16,3.6,3
"348",24,17,4,"Male",16,5.1,5
"349",25,17,5,"Male",16,3.7,4
"350",26,17,4,"Male",16,5.3,4
"351",1,18,7,"Male",21,6.1,6
"352",2,18,5,"Female",21,7.8,8
"353",3,18,4,"Male",21,4.8,5
"354",4,18,5,"Male",21,6.7,6
"355",5,18,5,"Male",21,5.1,6
"356",6,18,4,"Female",21,6.8,7
"357",7,18,5,"Male",21,7.1,6
"358",8,18,3,"Female",21,6.7,7
"359",9,18,5,"Male",21,5.6,7
"360",10,18,4,"Female",21,5.1,7
"361",11,18,5,"Male",21,4.8,5
"362",12,18,6,"Female",21,6.7,6
"363",13,18,5,"Male",21,6.7,7
"364",14,18,4,"Male",21,6.9,7
"365",15,18,5,"Female",21,7.9,7
"366",16,18,5,"Male",21,6.6,8
"367",17,18,6,"Male",21,6.9,6
"368",18,18,5,"Female",21,5.7,6
"369",19,18,4,"Female",21,4.4,6
"370",20,18,3,"Female",21,5.7,5
"371",21,18,5,"Male",21,6,6
"372",1,19,8,"Female",16,7.1,8
"373",2,19,4,"Male",16,5.4,5
"374",3,19,5,"Male",16,6.2,6
"375",4,19,5,"Female",16,7.1,7
"376",5,19,5,"Male",16,4.4,5
"377",6,19,3,"Male",16,3.2,4
"378",7,19,5,"Male",16,5.6,5
"379",8,19,4,"Female",16,6.2,6
"380",9,19,5,"Male",16,4.5,4
"381",10,19,4,"Female",16,5.9,6
"382",11,19,6,"Female",16,5.9,7
"383",12,19,4,"Male",16,3.7,4
"384",14,19,6,"Female",16,7.1,6
"385",15,19,5,"Female",16,5.6,7
"386",16,19,3,"Male",16,5,5
"387",17,19,5,"Female",16,5.9,6
"388",18,19,4,"Female",16,4.8,5
"389",19,19,5,"Male",16,5.7,5
"390",20,19,3,"Female",16,6.8,6
"391",21,19,4,"Male",16,4,4
"392",1,20,5,"Female",10,6,5
"393",2,20,7,"Female",10,6.5,6
"394",3,20,5,"Female",10,5.9,6
"395",4,20,4,"Female",10,5.1,5
"396",5,20,5,"Female",10,5.8,5
"397",6,20,6,"Female",10,6.9,6
"398",7,20,8,"Female",10,7.2,8
"399",8,20,5,"Male",10,3.3,5
"400",9,20,5,"Female",10,6.6,7
"401",10,20,4,"Male",10,2.7,3
"402",11,20,4,"Male",10,3.1,3
"403",12,20,6,"Female",10,5.7,6
"404",13,20,7,"Male",10,5.6,5
"405",14,20,4,"Female",10,6.3,5
"406",15,20,6,"Female",10,5.9,6
"407",17,20,5,"Male",10,2.9,4
"408",18,20,6,"Female",10,6.3,5
"409",19,20,5,"Female",10,5.7,6
"410",20,20,6,"Female",10,6.3,6
"411",21,20,5,"Male",10,4.2,5
"412",1,21,5,"Female",17,5.4,5
"413",2,21,5,"Female",17,5.7,6
"414",3,21,5,"Female",17,4.2,5
"415",4,21,4,"Female",17,3.5,5
"416",5,21,7,"Male",17,4.6,4
"417",6,21,5,"Male",17,4.1,4
"418",7,21,5,"Male",17,4.2,5
"419",8,21,4,"Female",17,4.6,5
"420",9,21,6,"Male",17,4,5
"421",10,21,3,"Male",17,4.5,4
"422",11,21,6,"Female",17,4.9,6
"423",12,21,6,"Male",17,5.3,6
"424",13,21,4,"Male",17,3.7,4
"425",14,21,4,"Male",17,3.8,4
"426",15,21,5,"Female",17,5.8,7
"427",16,21,4,"Male",17,3.7,2
"428",17,21,5,"Male",17,5.4,5
"429",18,21,4,"Female",17,6.7,6
"430",19,21,3,"Female",17,4.7,4
"431",20,21,6,"Female",17,6,6
"432",21,21,4,"Female",17,6.3,6
"433",22,21,5,"Female",17,5,5
"434",23,21,6,"Female",17,5.1,6
"435",1,22,3,"Female",11,5.7,6
"436",2,22,2,"Female",11,5.8,4
"437",3,22,6,"Female",11,7.6,6
"438",4,22,6,"Female",11,7.8,7
"439",5,22,5,"Male",11,5.4,6
"440",6,22,4,"Male",11,5.7,5
"441",7,22,4,"Male",11,6.3,5
"442",8,22,6,"Female",11,6.7,7
"443",9,22,4,"Female",11,7,7
"444",10,22,5,"Male",11,5.6,5
"445",11,22,5,"Male",11,5.5,4
"446",12,22,6,"Male",11,5.4,5
"447",13,22,6,"Female",11,6.7,7
"448",14,22,7,"Female",11,7.3,8
"449",15,22,5,"Male",11,6.1,6
"450",16,22,5,"Female",11,6.5,7
"451",17,22,4,"Male",11,5.8,6
"452",18,22,6,"Female",11,7.1,8
"453",19,22,5,"Female",11,5.9,6
"454",20,22,7,"Female",11,7,8
"455",1,23,6,"Male",15,5,4
"456",2,23,6,"Female",15,4.8,6
"457",3,23,4,"Female",15,5.9,7
"458",4,23,5,"Male",15,4.5,5
"459",5,23,5,"Female",15,6.3,7
"460",6,23,7,"Female",15,6,5
"461",7,23,5,"Female",15,6.4,5
"462",8,23,4,"Male",15,3.3,5
"463",9,23,6,"Male",15,4.6,4
"464",10,23,5,"Male",15,5.6,6
"465",11,23,5,"Male",15,4.5,5
"466",12,23,6,"Female",15,6.4,6
"467",13,23,4,"Male",15,3.8,4
"468",14,23,6,"Female",15,6.6,6
"469",15,23,5,"Female",15,6.5,6
"470",16,23,6,"Male",15,5.6,6
"471",17,23,5,"Female",15,5.7,6
"472",18,23,5,"Male",15,4.2,4
"473",19,23,7,"Female",15,6.7,6
"474",20,23,3,"Male",15,3.2,4
"475",21,23,7,"Male",15,5.4,6
"476",22,23,3,"Male",15,4.7,4
"477",1,24,5,"Male",6,3.4,3
"478",2,24,4,"Male",6,2.7,2
"479",3,24,5,"Female",6,3.8,4
"480",4,24,5,"Female",6,3.7,5
"481",5,24,7,"Female",6,7.3,6
"482",6,24,7,"Female",6,6.6,7
"483",7,24,7,"Male",6,3,4
"484",8,24,6,"Female",6,5.2,5
"485",9,24,5,"Male",6,4.7,4
"486",10,24,6,"Female",6,6.2,5
"487",11,24,7,"Male",6,4.5,5
"488",12,24,6,"Male",6,3.3,3
"489",13,24,6,"Male",6,3.9,3
"490",14,24,5,"Male",6,3.4,3
"491",15,24,5,"Male",6,4.1,5
"492",16,24,7,"Female",6,5.3,6
"493",17,24,5,"Female",6,5.6,4
"494",18,24,5,"Female",6,5.3,6
"495",19,24,6,"Male",6,4.5,4
"496",1,25,4,"Male",19,5.1,5
"497",2,25,5,"Female",19,5.6,6
"498",3,25,5,"Female",19,5.6,5
"499",4,25,4,"Female",19,5.9,6
"500",5,25,7,"Female",19,6.5,6
"501",6,25,6,"Male",19,3.7,4
"502",7,25,5,"Male",19,3.9,4
"503",8,25,6,"Female",19,5.7,5
"504",9,25,4,"Female",19,5.7,4
"505",10,25,5,"Male",19,5.1,4
"506",11,25,6,"Female",19,5.7,6
"507",12,25,6,"Male",19,4.6,5
"508",13,25,5,"Female",19,7,6
"509",14,25,4,"Female",19,4.7,5
"510",15,25,5,"Female",19,3.3,4
"511",16,25,4,"Male",19,4,4
"512",17,25,5,"Male",19,2.9,4
"513",18,25,5,"Male",19,3.8,4
"514",19,25,5,"Male",19,3.7,3
"515",20,25,5,"Male",19,4.3,4
"516",1,26,5,"Female",10,4.1,5
"517",2,26,4,"Female",10,3.7,4
"518",3,26,6,"Male",10,4.1,5
"519",4,26,4,"Female",10,4.1,4
"520",5,26,4,"Male",10,2.8,3
"521",6,26,4,"Female",10,3.2,4
"522",7,26,6,"Female",10,6,6
"523",8,26,5,"Male",10,3.2,3
"524",9,26,4,"Male",10,3.4,2
"525",10,26,4,"Male",10,3.2,3
"526",11,26,6,"Female",10,4.9,5
"527",12,26,5,"Male",10,3.5,4
"528",13,26,4,"Female",10,3.9,4
"529",14,26,6,"Male",10,3.8,5
"530",15,26,4,"Male",10,2.9,4
"531",16,26,3,"Female",10,3.6,2
"532",17,26,7,"Female",10,6.1,6
"533",18,26,4,"Female",10,5.5,6
"534",19,26,7,"Male",10,6.2,6
"535",20,26,5,"Male",10,2.6,4
"536",21,26,4,"Female",10,4.5,5
"537",1,27,4,"Male",10,2.5,3
"538",2,27,6,"Male",10,6,4
"539",3,27,6,"Male",10,3.6,4
"540",4,27,5,"Male",10,4.8,5
"541",5,27,4,"Male",10,2.9,4
"542",6,27,7,"Male",10,6.2,6
"543",7,27,5,"Male",10,4,4
"544",8,27,7,"Male",10,4.9,5
"545",9,27,5,"Female",10,5.4,6
"546",10,27,5,"Male",10,4.2,4
"547",11,27,5,"Female",10,4.8,5
"548",12,27,6,"Female",10,6.4,6
"549",13,27,5,"Male",10,3.2,4
"550",14,27,5,"Female",10,5.2,5
"551",15,27,4,"Female",10,3.4,4
"552",16,27,5,"Female",10,4.8,5
"553",17,27,5,"Male",10,4.2,4
"554",18,27,4,"Male",10,3.2,4
"555",19,27,6,"Male",10,4.7,5
"556",20,27,6,"Male",10,4.6,4
"557",1,28,5,"Male",13,4.9,4
"558",2,28,3,"Female",13,4.3,4
"559",3,28,3,"Male",13,3.8,3
"560",4,28,5,"Male",13,4.1,4
"561",5,28,6,"Female",13,5.5,7
"562",6,28,6,"Female",13,5,4
"563",7,28,6,"Male",13,3.6,4
"564",8,28,5,"Female",13,5.4,6
"565",9,28,6,"Female",13,6,5
"566",10,28,5,"Female",13,4.8,5
"567",11,28,6,"Male",13,4.1,6
"568",12,28,5,"Male",13,4.2,4
"569",13,28,6,"Female",13,5.6,5
"570",14,28,7,"Male",13,4.4,5
"571",15,28,5,"Female",13,4.8,6
"572",16,28,6,"Male",13,3.3,3
"573",17,28,5,"Female",13,4.9,6
"574",18,28,4,"Male",13,3.4,3
"575",19,28,3,"Female",13,3.7,3
"576",20,28,4,"Female",13,4.4,4
"577",1,29,4,"Female",22,5.9,7
"578",2,29,4,"Male",22,3.8,6
"579",3,29,5,"Male",22,5.2,5
"580",4,29,7,"Male",22,6.1,6
"581",5,29,4,"Female",22,5.5,5
"582",6,29,4,"Female",22,7.2,6
"583",7,29,6,"Male",22,6.2,6
"584",8,29,5,"Female",22,7.1,6
"585",9,29,4,"Female",22,6,6
"586",10,29,5,"Female",22,6,5
"587",12,29,3,"Male",22,5.2,5
"588",13,29,3,"Male",22,6.6,4
"589",14,29,5,"Female",22,5.7,6
"590",15,29,5,"Female",22,6.9,7
"591",16,29,5,"Female",22,6.6,6
"592",17,29,3,"Female",22,5.7,6
"593",18,29,2,"Male",22,4.7,5
"594",1,30,6,"Male",6,3.3,4
"595",2,30,5,"Male",6,2.6,4
"596",3,30,5,"Female",6,5.3,3
"597",4,30,7,"Male",6,4,3
"598",5,30,5,"Female",6,4.7,4
"599",6,30,6,"Male",6,5.2,5
"600",7,30,6,"Male",6,3.5,4
"601",8,30,8,"Female",6,6.5,6
"602",9,30,5,"Male",6,3.9,4
"603",10,30,5,"Female",6,4.9,4
"604",11,30,6,"Male",6,3.6,4
"605",12,30,5,"Female",6,4.3,4
"606",13,30,4,"Female",6,3.5,4
"607",14,30,5,"Male",6,4,4
"608",15,30,8,"Female",6,7.1,7
"609",16,30,6,"Female",6,6.1,6
"610",17,30,8,"Female",6,4.6,5
"611",1,31,6,"Male",6,4.9,5
"612",2,31,6,"Female",6,5.7,7
"613",4,31,6,"Female",6,5.2,5
"614",5,31,6,"Female",6,7.3,6
"615",6,31,5,"Male",6,3.5,4
"616",7,31,5,"Female",6,4,5
"617",8,31,6,"Female",6,5.8,6
"618",9,31,5,"Female",6,5.8,6
"619",10,31,5,"Male",6,4.4,4
"620",11,31,6,"Male",6,4.6,5
"621",12,31,5,"Male",6,4.2,3
"622",13,31,3,"Male",6,1.5,1
"623",14,31,4,"Male",6,2.9,2
"624",15,31,4,"Male",6,3.2,4
"625",16,31,4,"Male",6,1.8,1
"626",17,31,6,"Female",6,5.5,5
"627",18,31,3,"Male",6,0.4,1
"628",19,31,6,"Male",6,5.4,4
"629",20,31,5,"Female",6,5.1,4
"630",1,32,5,"Female",12,6.2,6
"631",2,32,6,"Male",12,5.9,6
"632",3,32,6,"Female",12,4.9,5
"633",4,32,6,"Female",12,6,7
"634",5,32,6,"Male",12,4.9,5
"635",6,32,4,"Male",12,3.9,5
"636",7,32,4,"Male",12,4.5,4
"637",8,32,5,"Female",12,4.6,5
"638",9,32,3,"Male",12,2.4,3
"639",10,32,4,"Female",12,4.7,4
"640",11,32,6,"Female",12,5,6
"641",12,32,6,"Male",12,5.8,5
"642",13,32,5,"Female",12,6.1,6
"643",14,32,4,"Male",12,4.6,4
"644",15,32,5,"Female",12,5.2,5
"645",16,32,5,"Male",12,4.8,4
"646",17,32,5,"Male",12,4,4
"647",18,32,5,"Male",12,3.1,2
"648",19,32,6,"Male",12,4.8,5
"649",20,32,6,"Female",12,7.3,8
"650",21,32,4,"Male",12,3.3,3
"651",22,32,5,"Female",12,4.2,4
"652",23,32,6,"Female",12,6.9,7
"653",1,33,7,"Female",3,7.2,7
"654",2,33,7,"Female",3,8.7,8
"655",3,33,7,"Female",3,5.4,5
"656",4,33,8,"Female",3,9.2,8
"657",5,33,6,"Female",3,7,7
"658",6,33,7,"Female",3,6.4,7
"659",7,33,8,"Female",3,9.5,9
"660",8,33,7,"Female",3,8.1,7
"661",9,33,8,"Female",3,6,7
"662",10,33,8,"Female",3,7,8
"663",11,33,9,"Female",3,8.1,10
"664",12,33,6,"Female",3,7.4,7
"665",13,33,7,"Female",3,8.4,8
"666",14,33,6,"Female",3,4.7,6
"667",15,33,7,"Female",3,7.4,7
"668",16,33,7,"Female",3,5.7,5
"669",17,33,7,"Female",3,8,8
"670",18,33,9,"Female",3,8.8,8
"671",19,33,6,"Female",3,6.2,7
"672",1,34,6,"Male",8,5.8,4
"673",2,34,5,"Male",8,3.8,3
"674",3,34,8,"Female",8,8.5,8
"675",4,34,7,"Male",8,4.6,5
"676",5,34,6,"Male",8,3.9,5
"677",6,34,5,"Male",8,3.9,4
"678",7,34,6,"Male",8,4.7,4
"679",8,34,7,"Male",8,5.6,6
"680",9,34,4,"Female",8,3.3,4
"681",10,34,6,"Male",8,5.7,5
"682",11,34,6,"Male",8,4.1,5
"683",12,34,4,"Female",8,4.3,4
"684",13,34,5,"Male",8,5.4,5
"685",14,34,5,"Male",8,4.8,5
"686",15,34,3,"Female",8,3.2,4
"687",16,34,6,"Male",8,4.2,4
"688",17,34,5,"Male",8,3.9,5
"689",18,34,7,"Female",8,6.1,6
"690",19,34,6,"Male",8,4.5,5
"691",20,34,5,"Male",8,3.8,3
"692",21,34,6,"Female",8,6.8,6
"693",22,34,5,"Female",8,5,5
"694",1,35,4,"Female",25,6,7
"695",2,35,5,"Female",25,7.5,7
"696",3,35,6,"Female",25,7.9,9
"697",4,35,4,"Female",25,7.8,7
"698",5,35,4,"Female",25,7.9,7
"699",6,35,5,"Female",25,7,8
"700",7,35,6,"Female",25,5.5,8
"701",8,35,4,"Female",25,7,7
"702",9,35,4,"Female",25,6.2,7
"703",10,35,7,"Female",25,7,7
"704",11,35,4,"Female",25,6.6,6
"705",12,35,6,"Female",25,6.8,7
"706",13,35,3,"Female",25,6.8,6
"707",14,35,6,"Female",25,6.8,9
"708",15,35,4,"Female",25,7.4,8
"709",16,35,5,"Female",25,7.5,8
"710",17,35,6,"Female",25,7.1,8
"711",18,35,4,"Female",25,6.7,5
"712",19,35,5,"Female",25,7.3,6
"713",20,35,3,"Female",25,6.7,7
"714",1,36,6,"Female",15,6.3,6
"715",2,36,4,"Male",15,3.9,5
"716",3,36,5,"Male",15,4,4
"717",4,36,4,"Male",15,3.2,4
"718",5,36,6,"Male",15,4.2,5
"719",6,36,3,"Female",15,5,5
"720",7,36,3,"Female",15,5.3,4
"721",8,36,4,"Female",15,5.3,6
"722",9,36,6,"Male",15,5.7,5
"723",10,36,4,"Female",15,5.2,6
"724",11,36,3,"Male",15,5,5
"725",12,36,5,"Male",15,3.9,5
"726",13,36,3,"Female",15,5.4,4
"727",14,36,4,"Female",15,7.4,7
"728",15,36,7,"Male",15,4.3,5
"729",16,36,6,"Female",15,6.7,7
"730",17,36,5,"Male",15,4.4,5
"731",18,36,4,"Male",15,5.3,4
"732",19,36,4,"Male",15,5.3,4
"733",1,37,5,"Male",20,4.6,4
"734",2,37,5,"Female",20,6.9,5
"735",3,37,6,"Female",20,6.4,8
"736",4,37,6,"Female",20,6.7,7
"737",5,37,5,"Male",20,4.1,4
"738",6,37,6,"Male",20,4.6,6
"739",7,37,7,"Male",20,5.3,7
"740",8,37,5,"Female",20,7.1,7
"741",9,37,6,"Male",20,6,5
"742",10,37,6,"Male",20,4,2
"743",11,37,4,"Female",20,4.9,6
"744",12,37,4,"Male",20,4.1,4
"745",13,37,4,"Male",20,4.4,5
"746",14,37,5,"Male",20,4.8,5
"747",15,37,5,"Male",20,4.5,5
"748",16,37,4,"Male",20,3.6,4
"749",17,37,6,"Male",20,5.7,5
"750",18,37,7,"Female",20,6.8,7
"751",19,37,6,"Female",20,7.3,7
"752",1,38,5,"Male",18,3.5,4
"753",2,38,5,"Male",18,3.5,4
"754",3,38,5,"Male",18,4.9,5
"755",4,38,5,"Female",18,4.8,6
"756",5,38,5,"Female",18,5.8,6
"757",6,38,5,"Female",18,5.9,5
"758",7,38,4,"Female",18,5,4
"759",8,38,6,"Male",18,4.3,4
"760",9,38,4,"Female",18,4.6,5
"761",10,38,4,"Male",18,3.6,3
"762",11,38,4,"Male",18,3,2
"763",12,38,6,"Male",18,4.5,5
"764",13,38,4,"Male",18,3.9,4
"765",14,38,5,"Male",18,4.2,5
"766",15,38,5,"Female",18,6,6
"767",16,38,6,"Female",18,6.5,7
"768",17,38,5,"Male",18,3.4,4
"769",1,39,4,"Female",19,5.4,5
"770",2,39,4,"Female",19,5.6,5
"771",3,39,4,"Male",19,3.6,4
"772",4,39,6,"Male",19,4.7,4
"773",5,39,4,"Female",19,5.7,6
"774",6,39,4,"Female",19,4.8,5
"775",7,39,7,"Female",19,6.4,7
"776",8,39,5,"Female",19,4.9,6
"777",9,39,5,"Female",19,5.3,7
"778",10,39,5,"Female",19,5.5,5
"779",11,39,6,"Male",19,3.9,4
"780",12,39,5,"Male",19,5.1,5
"781",13,39,4,"Male",19,4.8,4
"782",14,39,3,"Female",19,4.6,4
"783",15,39,4,"Male",19,5.2,5
"784",16,39,6,"Female",19,6,7
"785",1,40,8,"Female",2,6.4,8
"786",2,40,8,"Female",2,5.1,4
"787",3,40,9,"Female",2,7.7,7
"788",4,40,9,"Female",2,7.4,6
"789",5,40,8,"Female",2,6.8,7
"790",6,40,10,"Female",2,6.8,8
"791",7,40,9,"Female",2,8.2,8
"792",8,40,10,"Female",2,7.6,7
"793",9,40,9,"Female",2,7.5,8
"794",10,40,8,"Female",2,6.5,6
"795",11,40,7,"Female",2,4.3,4
"796",12,40,10,"Female",2,7.7,7
"797",13,40,8,"Female",2,7.5,7
"798",14,40,9,"Female",2,6.5,7
"799",15,40,10,"Female",2,8.6,7
"800",16,40,9,"Female",2,5.4,4
"801",17,40,8,"Female",2,4.5,5
"802",18,40,6,"Female",2,3.8,4
"803",19,40,8,"Female",2,6.9,6
"804",20,40,8,"Female",2,6.6,5
"805",1,41,6,"Female",18,5,4
"806",2,41,3,"Male",18,3.4,3
"807",3,41,5,"Male",18,2.5,1
"808",4,41,5,"Female",18,5,6
"809",5,41,6,"Male",18,3.8,3
"810",6,41,5,"Male",18,3.4,3
"811",7,41,5,"Male",18,3,4
"812",8,41,5,"Female",18,4.4,4
"813",9,41,5,"Female",18,3.6,4
"814",10,41,4,"Female",18,4.2,4
"815",11,41,6,"Female",18,5.3,5
"816",12,41,5,"Male",18,2.9,2
"817",13,41,5,"Male",18,2.8,3
"818",14,41,6,"Male",18,3.7,4
"819",15,41,5,"Female",18,4.2,4
"820",16,41,4,"Female",18,3.2,3
"821",17,41,3,"Female",18,3.6,3
"822",18,41,5,"Female",18,4.1,4
"823",19,41,4,"Male",18,3.2,2
"824",1,42,3,"Female",12,5.3,6
"825",2,42,7,"Male",12,6.6,8
"826",3,42,5,"Male",12,4.1,5
"827",4,42,5,"Female",12,5.5,4
"828",5,42,5,"Male",12,4.8,5
"829",6,42,4,"Female",12,4.5,5
"830",7,42,3,"Male",12,3.9,5
"831",8,42,5,"Female",12,5.9,5
"832",9,42,5,"Female",12,5,5
"833",10,42,7,"Female",12,7.1,7
"834",11,42,7,"Male",12,5.2,5
"835",12,42,5,"Female",12,7,7
"836",13,42,6,"Female",12,7.3,6
"837",14,42,3,"Female",12,4.1,5
"838",15,42,6,"Male",12,5.5,5
"839",16,42,6,"Male",12,4.9,4
"840",17,42,6,"Female",12,7.2,6
"841",18,42,5,"Male",12,4.1,5
"842",19,42,5,"Female",12,4.4,5
"843",20,42,4,"Female",12,5.3,5
"844",21,42,4,"Female",12,3.6,4
"845",1,43,7,"Male",12,6.7,7
"846",2,43,5,"Female",12,4.2,4
"847",3,43,5,"Male",12,5.6,5
"848",4,43,4,"Female",12,4.7,5
"849",5,43,6,"Female",12,5.6,6
"850",6,43,4,"Female",12,6.2,6
"851",7,43,6,"Male",12,4.7,6
"852",8,43,5,"Male",12,5.4,4
"853",9,43,5,"Female",12,6.7,6
"854",10,43,5,"Male",12,4.8,5
"855",11,43,5,"Male",12,5.5,6
"856",12,43,4,"Male",12,5.6,5
"857",13,43,6,"Male",12,4.3,4
"858",14,43,5,"Male",12,5.2,5
"859",15,43,7,"Male",12,5.9,5
"860",16,43,4,"Male",12,4.5,4
"861",17,43,6,"Male",12,5.7,5
"862",1,44,5,"Male",14,4.2,4
"863",2,44,6,"Female",14,6.7,6
"864",3,44,6,"Female",14,6,5
"865",4,44,6,"Female",14,6,5
"866",5,44,5,"Male",14,4,4
"867",6,44,5,"Male",14,5.1,5
"868",7,44,4,"Female",14,4.9,4
"869",8,44,5,"Male",14,3.9,4
"870",9,44,6,"Male",14,4.5,5
"871",10,44,4,"Male",14,3.3,3
"872",11,44,6,"Male",14,4.3,5
"873",12,44,8,"Female",14,6.4,5
"874",13,44,5,"Female",14,5.2,4
"875",14,44,7,"Female",14,6.2,6
"876",15,44,7,"Female",14,5.7,6
"877",16,44,5,"Male",14,3.6,4
"878",17,44,6,"Male",14,5.1,6
"879",18,44,5,"Female",14,5.1,4
"880",19,44,5,"Male",14,3.7,3
"881",1,45,6,"Male",20,4.3,5
"882",2,45,6,"Female",20,7.9,7
"883",3,45,5,"Female",20,4.8,5
"884",4,45,7,"Female",20,7.7,7
"885",5,45,6,"Male",20,6.3,6
"886",6,45,4,"Male",20,4.9,5
"887",7,45,5,"Male",20,5.2,4
"888",8,45,3,"Female",20,7.9,7
"889",9,45,6,"Male",20,6.2,6
"890",10,45,6,"Female",20,6,7
"891",11,45,5,"Male",20,4.8,6
"892",12,45,5,"Male",20,6.2,6
"893",13,45,4,"Male",20,5.6,5
"894",14,45,6,"Male",20,5.1,5
"895",15,45,4,"Male",20,4.5,5
"896",16,45,5,"Male",20,5.5,5
"897",17,45,6,"Female",20,7.1,6
"898",18,45,5,"Male",20,4.8,6
"899",19,45,5,"Male",20,4.9,5
"900",1,46,4,"Female",18,5.5,5
"901",2,46,4,"Female",18,5.5,6
"902",3,46,6,"Female",18,6.1,7
"903",4,46,4,"Male",18,4,3
"904",5,46,4,"Male",18,3.5,5
"905",6,46,4,"Male",18,3.4,3
"906",7,46,6,"Female",18,6.2,6
"907",8,46,4,"Female",18,5.1,5
"908",9,46,4,"Male",18,3.5,4
"909",10,46,6,"Female",18,6.3,5
"910",11,46,5,"Female",18,6.1,6
"911",12,46,6,"Female",18,5.7,6
"912",13,46,6,"Female",18,3.9,5
"913",14,46,5,"Female",18,5.6,6
"914",15,46,4,"Male",18,3.6,4
"915",16,46,5,"Male",18,5.2,5
"916",17,46,8,"Female",18,8.4,7
"917",18,46,3,"Male",18,3.1,4
"918",19,46,2,"Female",18,5.1,5
"919",20,46,6,"Female",18,6.5,6
"920",21,46,3,"Female",18,4.5,5
"921",22,46,4,"Female",18,5.3,5
"922",23,46,4,"Male",18,3.7,4
"923",1,47,4,"Female",13,5.3,5
"924",2,47,8,"Male",13,5.5,5
"925",3,47,5,"Female",13,5.8,4
"926",4,47,5,"Male",13,3.7,4
"927",5,47,6,"Male",13,5.4,5
"928",6,47,4,"Female",13,4.9,4
"929",7,47,5,"Male",13,4.1,4
"930",8,47,6,"Female",13,5.5,6
"931",9,47,6,"Female",13,6.1,6
"932",10,47,4,"Female",13,3.9,5
"933",11,47,5,"Male",13,5.2,6
"934",12,47,5,"Female",13,4.4,4
"935",13,47,5,"Male",13,4.3,5
"936",14,47,5,"Male",13,3,4
"937",15,47,4,"Female",13,5.9,6
"938",16,47,4,"Female",13,4.4,4
"939",17,47,7,"Male",13,5.5,6
"940",1,48,6,"Female",6,5.8,6
"941",2,48,4,"Male",6,1.8,3
"942",3,48,7,"Male",6,5.5,5
"943",4,48,5,"Male",6,2.1,3
"944",5,48,6,"Male",6,3.6,4
"945",6,48,6,"Male",6,1.9,2
"946",7,48,4,"Female",6,4.4,5
"947",8,48,8,"Female",6,5.1,7
"948",9,48,4,"Male",6,2.5,2
"949",10,48,5,"Female",6,2.6,3
"950",11,48,5,"Male",6,3.6,4
"951",12,48,5,"Male",6,3.4,3
"952",13,48,6,"Female",6,6.1,6
"953",14,48,8,"Female",6,7.4,6
"954",15,48,7,"Male",6,5.2,4
"955",16,48,6,"Female",6,4.5,5
"956",17,48,6,"Female",6,5.3,5
"957",18,48,5,"Male",6,4,4
"958",19,48,5,"Male",6,4.2,3
"959",1,49,4,"Female",7,5.4,5
"960",2,49,6,"Female",7,5.7,6
"961",3,49,4,"Male",7,3.2,3
"962",4,49,7,"Female",7,6.3,7
"963",5,49,5,"Female",7,4.2,4
"964",6,49,5,"Male",7,4.4,3
"965",7,49,5,"Female",7,5,4
"966",8,49,6,"Male",7,4.3,4
"967",9,49,5,"Male",7,4.2,4
"968",10,49,5,"Female",7,4.7,5
"969",11,49,5,"Female",7,4.1,5
"970",12,49,6,"Female",7,5.4,6
"971",13,49,6,"Female",7,5.2,6
"972",14,49,5,"Male",7,4.8,3
"973",15,49,6,"Female",7,4.9,4
"974",16,49,5,"Male",7,4.5,5
"975",17,49,6,"Male",7,3.5,3
"976",18,49,8,"Female",7,6.9,7
"977",19,49,4,"Male",7,5.3,4
"978",20,49,5,"Male",7,3.4,4
"979",1,50,4,"Male",25,5.2,6
"980",2,50,6,"Female",25,6.7,7
"981",3,50,5,"Female",25,6.8,7
"982",4,50,5,"Male",25,5.6,5
"983",5,50,6,"Male",25,5.6,6
"984",6,50,2,"Female",25,6.5,6
"985",7,50,5,"Male",25,5.1,5
"986",8,50,5,"Male",25,7,6
"987",9,50,7,"Male",25,6.4,6
"988",10,50,5,"Male",25,6.4,6
"989",11,50,6,"Female",25,7.4,7
"990",12,50,5,"Male",25,5.8,6
"991",13,50,4,"Female",25,6.7,6
"992",14,50,5,"Male",25,5.3,6
"993",15,50,5,"Male",25,5.4,7
"994",16,50,5,"Female",25,7.2,6
"995",17,50,5,"Male",25,5,5
"996",18,50,6,"Female",25,6.3,6
"997",19,50,5,"Female",25,7.6,6
"998",20,50,4,"Female",25,5.9,7
"999",1,51,5,"Male",16,4.2,5
"1000",2,51,4,"Female",16,4.9,4
"1001",3,51,5,"Male",16,3.1,3
"1002",4,51,6,"Female",16,5.1,6
"1003",5,51,5,"Female",16,5,4
"1004",6,51,4,"Female",16,5.5,6
"1005",7,51,5,"Female",16,3.7,5
"1006",8,51,5,"Male",16,3.2,2
"1007",9,51,5,"Female",16,5,6
"1008",10,51,5,"Female",16,4.8,4
"1009",11,51,5,"Male",16,2.4,3
"1010",12,51,6,"Male",16,4.1,4
"1011",13,51,3,"Male",16,2.4,4
"1012",14,51,5,"Female",16,5.9,5
"1013",15,51,5,"Female",16,4.3,5
"1014",16,51,6,"Male",16,4,4
"1015",17,51,5,"Female",16,5.3,6
"1016",18,51,5,"Female",16,4.3,4
"1017",19,51,5,"Male",16,4,3
"1018",20,51,3,"Male",16,3.9,3
"1019",21,51,5,"Female",16,6.3,6
"1020",22,51,6,"Female",16,5.8,6
"1021",23,51,5,"Male",16,3.9,4
"1022",1,52,6,"Female",7,6,6
"1023",2,52,3,"Male",7,4.4,4
"1024",3,52,6,"Female",7,5.6,5
"1025",4,52,5,"Female",7,6.1,6
"1026",5,52,4,"Female",7,5,5
"1027",6,52,4,"Male",7,2.9,2
"1028",7,52,6,"Male",7,3.4,5
"1029",8,52,6,"Male",7,3.2,3
"1030",9,52,5,"Female",7,4.7,6
"1031",10,52,5,"Female",7,5.1,5
"1032",11,52,6,"Female",7,5.4,6
"1033",12,52,5,"Male",7,4.2,4
"1034",13,52,2,"Male",7,1.9,2
"1035",14,52,5,"Male",7,4.4,4
"1036",15,52,5,"Male",7,4.5,5
"1037",16,52,5,"Male",7,3.6,4
"1038",17,52,7,"Female",7,5.4,7
"1039",18,52,5,"Male",7,3.9,2
"1040",19,52,5,"Female",7,3.4,4
"1041",20,52,6,"Male",7,4.5,4
"1042",21,52,6,"Female",7,6,7
"1043",22,52,6,"Female",7,3.6,5
"1044",23,52,6,"Male",7,4.2,4
"1045",1,53,3,"Female",21,6.8,7
"1046",2,53,5,"Female",21,7.2,8
"1047",3,53,4,"Female",21,6.2,6
"1048",4,53,5,"Female",21,7.5,8
"1049",5,53,4,"Female",21,7.1,7
"1050",6,53,5,"Female",21,6.7,6
"1051",7,53,7,"Female",21,7,8
"1052",8,53,5,"Female",21,6.5,7
"1053",9,53,6,"Female",21,8.4,7
"1054",10,53,4,"Female",21,6.2,6
"1055",11,53,1,"Female",21,5.3,5
"1056",12,53,4,"Female",21,5.3,5
"1057",13,53,4,"Female",21,5.5,6
"1058",14,53,5,"Female",21,7.4,8
"1059",15,53,5,"Female",21,6.9,7
"1060",16,53,6,"Female",21,7.5,7
"1061",17,53,6,"Female",21,6.8,7
"1062",18,53,5,"Female",21,5.1,6
"1063",19,53,4,"Female",21,6.6,7
"1064",1,54,4,"Female",16,6,6
"1065",2,54,6,"Male",16,4.7,4
"1066",3,54,5,"Male",16,5.6,5
"1067",4,54,5,"Male",16,3.6,3
"1068",5,54,6,"Male",16,3.4,4
"1069",6,54,4,"Male",16,4.7,4
"1070",7,54,5,"Female",16,6.6,6
"1071",8,54,5,"Male",16,4.6,5
"1072",9,54,7,"Male",16,4.5,5
"1073",10,54,4,"Male",16,5.5,4
"1074",11,54,5,"Female",16,5.3,5
"1075",12,54,6,"Male",16,5.4,6
"1076",13,54,5,"Male",16,4.8,5
"1077",14,54,5,"Female",16,5.6,5
"1078",15,54,6,"Female",16,6,7
"1079",16,54,6,"Female",16,6.8,7
"1080",17,54,4,"Male",16,3.8,4
"1081",18,54,6,"Female",16,6.7,7
"1082",19,54,4,"Female",16,5.8,5
"1083",1,55,5,"Male",7,2.7,3
"1084",2,55,6,"Male",7,5,4
"1085",3,55,6,"Male",7,4.4,4
"1086",4,55,5,"Male",7,2.2,2
"1087",5,55,5,"Male",7,4.5,5
"1088",6,55,3,"Male",7,2.4,3
"1089",7,55,6,"Male",7,2.7,3
"1090",8,55,6,"Male",7,3.8,5
"1091",9,55,5,"Male",7,4.5,5
"1092",10,55,7,"Male",7,4.5,3
"1093",11,55,7,"Male",7,4.1,4
"1094",12,55,6,"Male",7,3.4,4
"1095",13,55,5,"Male",7,2.4,3
"1096",14,55,5,"Male",7,4.1,4
"1097",15,55,6,"Male",7,5,5
"1098",16,55,6,"Male",7,3.8,4
"1099",17,55,4,"Male",7,3.9,3
"1100",18,55,7,"Male",7,3.4,3
"1101",19,55,6,"Male",7,4.4,4
"1102",20,55,5,"Male",7,2.3,3
"1103",21,55,4,"Male",7,2,2
"1104",1,56,5,"Male",12,4.9,5
"1105",2,56,4,"Male",12,2.4,5
"1106",3,56,6,"Female",12,4.4,5
"1107",4,56,4,"Male",12,3.4,4
"1108",5,56,6,"Male",12,3.9,3
"1109",6,56,5,"Female",12,4.4,5
"1110",7,56,5,"Female",12,6.1,6
"1111",8,56,3,"Male",12,3.9,3
"1112",9,56,6,"Male",12,6.3,6
"1113",10,56,4,"Female",12,4.9,4
"1114",11,56,6,"Female",12,5.9,8
"1115",12,56,5,"Female",12,6,8
"1116",13,56,5,"Female",12,6.5,5
"1117",14,56,5,"Male",12,4,3
"1118",15,56,4,"Male",12,4,4
"1119",16,56,4,"Female",12,5.7,5
"1120",17,56,6,"Male",12,3.6,4
"1121",18,56,5,"Male",12,3.9,5
"1122",19,56,5,"Female",12,6,6
"1123",1,57,6,"Female",4,4.8,3
"1124",2,57,8,"Female",4,6.7,6
"1125",3,57,6,"Male",4,2.8,3
"1126",4,57,7,"Male",4,4.9,5
"1127",5,57,7,"Female",4,5.4,5
"1128",6,57,6,"Female",4,3.9,5
"1129",7,57,5,"Male",4,2.1,2
"1130",8,57,5,"Female",4,3.1,3
"1131",9,57,5,"Female",4,3.5,2
"1132",10,57,6,"Male",4,2.1,3
"1133",11,57,5,"Female",4,5,4
"1134",12,57,7,"Female",4,4.8,6
"1135",13,57,4,"Male",4,2.2,2
"1136",14,57,7,"Female",4,5.1,7
"1137",15,57,2,"Male",4,1.2,2
"1138",16,57,7,"Female",4,4.9,5
"1139",17,57,8,"Male",4,4.8,5
"1140",18,57,5,"Female",4,3,3
"1141",1,58,4,"Male",22,5.7,6
"1142",2,58,6,"Female",22,6.5,7
"1143",3,58,5,"Female",22,6.4,5
"1144",4,58,6,"Female",22,8.1,8
"1145",5,58,6,"Male",22,5.1,6
"1146",6,58,3,"Male",22,4.1,4
"1147",7,58,6,"Female",22,6.3,6
"1148",8,58,3,"Male",22,5.2,5
"1149",9,58,4,"Female",22,7,7
"1150",10,58,5,"Male",22,5.6,6
"1151",11,58,6,"Female",22,6.5,7
"1152",12,58,2,"Male",22,4,5
"1153",13,58,6,"Female",22,7,7
"1154",14,58,4,"Male",22,4.5,4
"1155",15,58,5,"Female",22,6.7,7
"1156",16,58,5,"Female",22,7.5,7
"1157",17,58,4,"Female",22,7,7
"1158",18,58,5,"Female",22,7,7
"1159",19,58,5,"Male",22,5.7,6
"1160",20,58,3,"Male",22,4.6,4
"1161",1,59,6,"Male",5,2.9,4
"1162",2,59,5,"Female",5,4.8,5
"1163",3,59,6,"Female",5,5.8,6
"1164",4,59,5,"Male",5,3.1,3
"1165",5,59,5,"Male",5,4.3,4
"1166",6,59,6,"Male",5,4.1,3
"1167",7,59,5,"Male",5,2.8,3
"1168",8,59,6,"Female",5,5,6
"1169",9,59,5,"Female",5,5.1,4
"1170",10,59,7,"Male",5,4.7,6
"1171",11,59,6,"Male",5,3.4,4
"1172",12,59,4,"Male",5,1.8,3
"1173",13,59,4,"Female",5,4.1,4
"1174",14,59,6,"Female",5,6.1,7
"1175",15,59,6,"Female",5,4.6,5
"1176",16,59,5,"Male",5,3.9,4
"1177",17,59,6,"Male",5,4.8,4
"1178",1,60,5,"Male",3,2.8,3
"1179",2,60,8,"Female",3,6.4,7
"1180",3,60,9,"Male",3,5.6,6
"1181",4,60,7,"Female",3,5.7,6
"1182",5,60,6,"Female",3,5.5,5
"1183",6,60,7,"Male",3,4,3
"1184",7,60,8,"Female",3,5.3,6
"1185",8,60,5,"Female",3,3.7,5
"1186",9,60,6,"Male",3,4.5,3
"1187",10,60,7,"Male",3,3,3
"1188",11,60,8,"Female",3,6,5
"1189",12,60,7,"Male",3,3.6,4
"1190",13,60,6,"Female",3,5.7,5
"1191",14,60,7,"Female",3,5.1,6
"1192",16,60,7,"Female",3,6.1,6
"1193",17,60,7,"Female",3,5.9,5
"1194",18,60,7,"Male",3,4.2,5
"1195",19,60,4,"Male",3,1.6,2
"1196",20,60,5,"Male",3,2.7,2
"1197",21,60,6,"Female",3,3.3,6
"1198",22,60,4,"Male",3,1.4,2
"1199",1,61,3,"Female",23,6.2,6
"1200",2,61,6,"Male",23,5.9,5
"1201",3,61,4,"Female",23,5.6,7
"1202",4,61,3,"Female",23,4.8,5
"1203",5,61,4,"Female",23,5.5,5
"1204",6,61,5,"Male",23,5.5,5
"1205",7,61,4,"Female",23,4.4,6
"1206",8,61,6,"Female",23,7.1,7
"1207",9,61,4,"Male",23,4.3,5
"1208",10,61,4,"Female",23,6.3,7
"1209",11,61,5,"Female",23,8.2,7
"1210",12,61,3,"Male",23,4.4,5
"1211",13,61,6,"Female",23,7.5,7
"1212",14,61,5,"Female",23,5.3,7
"1213",15,61,4,"Male",23,5.9,5
"1214",16,61,5,"Male",23,6.4,6
"1215",17,61,4,"Female",23,5.7,5
"1216",18,61,4,"Male",23,5.1,6
"1217",19,61,5,"Male",23,5.7,6
"1218",1,62,5,"Female",25,6.6,7
"1219",2,62,5,"Male",25,5,5
"1220",3,62,5,"Male",25,4.9,4
"1221",4,62,6,"Male",25,5.4,4
"1222",5,62,3,"Male",25,4.9,4
"1223",6,62,4,"Female",25,5.8,5
"1224",7,62,5,"Female",25,8.4,6
"1225",8,62,4,"Female",25,6.5,6
"1226",9,62,4,"Female",25,4.8,6
"1227",10,62,6,"Female",25,6.7,6
"1228",11,62,4,"Female",25,6,7
"1229",12,62,6,"Female",25,5.2,5
"1230",13,62,4,"Male",25,4.7,5
"1231",14,62,6,"Male",25,5.4,5
"1232",15,62,5,"Male",25,4.7,5
"1233",16,62,5,"Female",25,6.9,7
"1234",17,62,4,"Male",25,5.2,6
"1235",18,62,5,"Male",25,4.8,6
"1236",19,62,5,"Female",25,7.5,6
"1237",20,62,5,"Male",25,4.8,4
"1238",1,63,6,"Female",15,7.7,7
"1239",2,63,5,"Male",15,4.8,5
"1240",3,63,3,"Female",15,5.1,6
"1241",4,63,4,"Male",15,3.4,4
"1242",5,63,6,"Male",15,5.5,5
"1243",6,63,5,"Male",15,4.6,5
"1244",7,63,7,"Male",15,4.8,5
"1245",8,63,5,"Female",15,5.3,6
"1246",9,63,5,"Male",15,4.6,5
"1247",10,63,5,"Female",15,5.4,6
"1248",11,63,6,"Male",15,6.1,6
"1249",12,63,5,"Female",15,5.8,4
"1250",13,63,7,"Male",15,5.5,5
"1251",14,63,5,"Male",15,4.6,5
"1252",15,63,6,"Female",15,6.4,6
"1253",16,63,5,"Female",15,6.5,7
"1254",17,63,4,"Male",15,4.2,3
"1255",18,63,4,"Female",15,4.6,6
"1256",19,63,4,"Male",15,3.1,4
"1257",20,63,4,"Female",15,6.8,6
"1258",21,63,7,"Female",15,7.1,7
"1259",22,63,4,"Female",15,5.5,5
"1260",23,63,5,"Female",15,6.9,6
"1261",24,63,4,"Male",15,4.6,4
"1262",25,63,4,"Male",15,4,4
"1263",1,64,2,"Female",25,6.3,6
"1264",2,64,4,"Female",25,6.9,7
"1265",3,64,4,"Female",25,5.6,7
"1266",4,64,5,"Female",25,8.8,8
"1267",5,64,3,"Female",25,5.7,6
"1268",6,64,3,"Female",25,8.2,8
"1269",7,64,5,"Female",25,8.1,8
"1270",8,64,5,"Female",25,6.6,7
"1271",9,64,6,"Female",25,6.9,7
"1272",11,64,6,"Female",25,5.7,6
"1273",12,64,5,"Female",25,8.8,8
"1274",13,64,2,"Female",25,7.6,7
"1275",14,64,7,"Female",25,9.1,8
"1276",15,64,5,"Female",25,7.7,8
"1277",16,64,5,"Female",25,6,7
"1278",17,64,5,"Female",25,7.4,7
"1279",18,64,3,"Female",25,5.6,6
"1280",19,64,6,"Female",25,8.9,9
"1281",20,64,6,"Female",25,6.4,7
"1282",1,65,5,"Male",22,6,6
"1283",2,65,3,"Male",22,6.6,7
"1284",3,65,4,"Male",22,5.3,6
"1285",4,65,5,"Female",22,6.4,6
"1286",5,65,4,"Female",22,5.6,7
"1287",6,65,5,"Female",22,6.8,6
"1288",7,65,5,"Male",22,5.3,5
"1289",8,65,4,"Male",22,5.1,6
"1290",9,65,7,"Male",22,5.3,5
"1291",10,65,5,"Female",22,6.4,7
"1292",11,65,5,"Female",22,8.5,7
"1293",12,65,6,"Male",22,5.7,6
"1294",13,65,4,"Male",22,5.2,6
"1295",14,65,4,"Female",22,7.5,8
"1296",15,65,5,"Male",22,6.7,5
"1297",16,65,5,"Female",22,7.3,7
"1298",17,65,4,"Male",22,5.1,6
"1299",18,65,5,"Male",22,4.7,5
"1300",19,65,3,"Male",22,5.1,4
"1301",20,65,5,"Female",22,7.4,7
"1302",21,65,4,"Female",22,7.9,7
"1303",22,65,6,"Female",22,7,7
"1304",1,66,7,"Female",8,7.5,7
"1305",2,66,7,"Female",8,6.9,8
"1306",3,66,5,"Male",8,4.5,5
"1307",4,66,5,"Male",8,4,4
"1308",5,66,5,"Female",8,6.2,6
"1309",6,66,5,"Female",8,5.2,4
"1310",7,66,6,"Female",8,7,6
"1311",8,66,6,"Female",8,6.3,7
"1312",9,66,5,"Female",8,5.5,6
"1313",10,66,6,"Female",8,6.6,7
"1314",11,66,6,"Male",8,4.6,5
"1315",12,66,5,"Female",8,5.3,6
"1316",13,66,4,"Female",8,6.4,7
"1317",14,66,5,"Female",8,6.5,6
"1318",15,66,7,"Female",8,7.4,7
"1319",16,66,6,"Male",8,6.7,6
"1320",17,66,4,"Male",8,4.9,4
"1321",18,66,4,"Male",8,5.1,4
"1322",19,66,7,"Female",8,8.6,8
"1323",20,66,5,"Male",8,4.5,4
"1324",1,67,6,"Female",23,5.9,6
"1325",2,67,8,"Female",23,8.1,7
"1326",3,67,6,"Female",23,5.9,5
"1327",4,67,3,"Female",23,6,6
"1328",5,67,7,"Female",23,8.3,8
"1329",6,67,5,"Female",23,5.8,5
"1330",7,67,5,"Female",23,5.5,7
"1331",8,67,4,"Female",23,5.9,6
"1332",9,67,4,"Female",23,8.2,9
"1333",10,67,7,"Female",23,6.9,7
"1334",11,67,5,"Female",23,6.7,6
"1335",12,67,6,"Female",23,6.4,6
"1336",13,67,4,"Female",23,6.4,7
"1337",14,67,5,"Female",23,5.5,5
"1338",15,67,4,"Female",23,7.3,6
"1339",16,67,4,"Female",23,6.7,5
"1340",17,67,1,"Female",23,5.6,6
"1341",18,67,7,"Female",23,7.4,7
"1342",19,67,5,"Female",23,5.3,6
"1343",20,67,5,"Female",23,6.7,7
"1344",21,67,6,"Female",23,6.8,7
"1345",1,68,3,"Male",20,6.5,4
"1346",2,68,6,"Male",20,6.3,5
"1347",3,68,5,"Male",20,5.2,6
"1348",4,68,5,"Male",20,6.8,6
"1349",5,68,4,"Male",20,4.8,4
"1350",6,68,6,"Female",20,7.5,7
"1351",7,68,6,"Male",20,5.8,6
"1352",8,68,6,"Male",20,5.9,5
"1353",9,68,5,"Female",20,6.7,7
"1354",10,68,4,"Female",20,6.3,6
"1355",11,68,4,"Male",20,4.6,5
"1356",12,68,6,"Male",20,4.7,5
"1357",13,68,5,"Female",20,5.5,6
"1358",14,68,3,"Female",20,5.7,7
"1359",15,68,4,"Male",20,4.7,5
"1360",16,68,4,"Male",20,5.2,6
"1361",17,68,4,"Male",20,4,3
"1362",1,69,5,"Male",24,5,6
"1363",2,69,5,"Female",24,5.4,6
"1364",4,69,4,"Male",24,5.3,4
"1365",5,69,3,"Female",24,6.6,6
"1366",6,69,6,"Male",24,5.9,6
"1367",7,69,5,"Male",24,4.1,5
"1368",8,69,3,"Male",24,5.6,5
"1369",9,69,5,"Female",24,5.9,7
"1370",10,69,4,"Male",24,4.7,5
"1371",11,69,5,"Female",24,6.2,5
"1372",12,69,3,"Male",24,4.7,4
"1373",13,69,3,"Male",24,4.9,4
"1374",14,69,4,"Male",24,5.3,4
"1375",15,69,5,"Female",24,6.6,6
"1376",16,69,5,"Male",24,5.1,6
"1377",17,69,5,"Female",24,7.5,7
"1378",18,69,5,"Female",24,7.1,7
"1379",19,69,6,"Female",24,7.1,7
"1380",1,70,4,"Female",22,4.9,4
"1381",2,70,4,"Female",22,4.1,5
"1382",3,70,6,"Female",22,5,6
"1383",4,70,4,"Female",22,4.2,4
"1384",5,70,5,"Female",22,6.5,7
"1385",6,70,4,"Female",22,7.4,6
"1386",7,70,5,"Male",22,5,5
"1387",8,70,6,"Male",22,6.1,6
"1388",9,70,3,"Male",22,4.4,4
"1389",10,70,4,"Female",22,5.6,7
"1390",11,70,6,"Male",22,4.9,4
"1391",12,70,7,"Male",22,5.3,6
"1392",13,70,5,"Male",22,3.1,5
"1393",14,70,5,"Male",22,4.3,5
"1394",15,70,5,"Female",22,5.8,6
"1395",16,70,4,"Male",22,3.1,4
"1396",17,70,4,"Female",22,5.5,7
"1397",18,70,5,"Female",22,5.8,4
"1398",19,70,7,"Male",22,4.9,5
"1399",20,70,1,"Male",22,2.9,3
"1400",21,70,3,"Male",22,4.1,5
"1401",1,71,3,"Male",18,3,4
"1402",2,71,5,"Male",18,5.1,4
"1403",3,71,3,"Male",18,3.6,4
"1404",4,71,4,"Female",18,4,5
"1405",5,71,7,"Male",18,4.9,5
"1406",6,71,4,"Male",18,3.9,5
"1407",7,71,7,"Female",18,4.4,5
"1408",8,71,6,"Female",18,6.9,6
"1409",9,71,4,"Male",18,2.8,3
"1410",10,71,5,"Female",18,5.5,5
"1411",11,71,4,"Male",18,3.7,5
"1412",12,71,6,"Female",18,5.6,6
"1413",13,71,5,"Female",18,5.2,7
"1414",14,71,4,"Male",18,2.6,4
"1415",15,71,5,"Female",18,5.3,5
"1416",16,71,4,"Female",18,4,5
"1417",17,71,3,"Male",18,3.9,4
"1418",18,71,3,"Male",18,1.7,3
"1419",19,71,3,"Female",18,5.8,5
"1420",20,71,4,"Female",18,4.8,5
"1421",21,71,5,"Female",18,6,5
"1422",22,71,3,"Female",18,4.9,5
"1423",1,72,5,"Male",19,5.3,5
"1424",2,72,4,"Male",19,6.3,6
"1425",3,72,6,"Male",19,5.9,5
"1426",4,72,5,"Male",19,5.5,6
"1427",5,72,5,"Male",19,5.6,6
"1428",6,72,5,"Male",19,4.4,4
"1429",7,72,6,"Female",19,7.3,8
"1430",8,72,7,"Female",19,8.4,8
"1431",9,72,5,"Male",19,4.9,5
"1432",10,72,5,"Male",19,4.8,5
"1433",11,72,6,"Male",19,5.7,6
"1434",12,72,4,"Male",19,6,5
"1435",13,72,4,"Female",19,6.1,6
"1436",14,72,4,"Male",19,6.1,5
"1437",15,72,6,"Male",19,6.7,6
"1438",16,72,4,"Male",19,4.5,3
"1439",17,72,5,"Male",19,6.5,6
"1440",18,72,5,"Male",19,5.9,5
"1441",19,72,4,"Female",19,6.9,6
"1442",20,72,6,"Male",19,4,4
"1443",21,72,5,"Male",19,5.8,5
"1444",1,73,3,"Female",14,4.7,5
"1445",2,73,6,"Female",14,6.2,7
"1446",3,73,5,"Female",14,6.7,7
"1447",4,73,5,"Female",14,5.4,5
"1448",5,73,6,"Male",14,5,6
"1449",6,73,5,"Male",14,4.2,4
"1450",7,73,6,"Male",14,5.3,5
"1451",8,73,5,"Female",14,4.4,4
"1452",9,73,5,"Female",14,6.2,6
"1453",10,73,4,"Male",14,3.8,6
"1454",11,73,6,"Female",14,6.3,7
"1455",12,73,4,"Female",14,4.5,6
"1456",13,73,5,"Male",14,5.6,6
"1457",14,73,4,"Male",14,3.3,3
"1458",15,73,6,"Male",14,5.2,6
"1459",16,73,3,"Male",14,4.1,4
"1460",17,73,5,"Male",14,5.1,5
"1461",18,73,5,"Female",14,6.3,6
"1462",19,73,6,"Female",14,6.8,5
"1463",20,73,4,"Male",14,4,5
"1464",1,74,6,"Female",17,6.9,5
"1465",2,74,5,"Male",17,4.8,5
"1466",3,74,5,"Female",17,5.7,5
"1467",4,74,5,"Male",17,4.7,5
"1468",5,74,6,"Male",17,5.1,5
"1469",6,74,5,"Female",17,5.3,6
"1470",7,74,5,"Male",17,3.3,5
"1471",8,74,7,"Male",17,6.6,7
"1472",9,74,5,"Male",17,4.7,5
"1473",10,74,6,"Male",17,4.2,4
"1474",11,74,5,"Male",17,5.9,5
"1475",12,74,6,"Female",17,4.6,6
"1476",13,74,5,"Female",17,6.4,6
"1477",14,74,5,"Male",17,3.8,4
"1478",15,74,3,"Female",17,4.3,5
"1479",16,74,5,"Female",17,5.6,6
"1480",17,74,4,"Male",17,4.4,5
"1481",1,75,4,"Female",21,5.4,6
"1482",2,75,6,"Female",21,8.1,8
"1483",3,75,4,"Female",21,6,6
"1484",4,75,5,"Female",21,7.5,8
"1485",5,75,6,"Female",21,5.8,6
"1486",6,75,4,"Female",21,7.5,6
"1487",7,75,3,"Female",21,7.5,6
"1488",8,75,6,"Female",21,6.4,7
"1489",9,75,4,"Female",21,5.7,6
"1490",10,75,5,"Female",21,6.5,6
"1491",11,75,3,"Female",21,6.8,7
"1492",12,75,5,"Female",21,5.8,6
"1493",13,75,6,"Female",21,7.1,7
"1494",14,75,6,"Female",21,6.4,6
"1495",15,75,5,"Female",21,7.9,7
"1496",16,75,5,"Female",21,8.1,8
"1497",17,75,5,"Female",21,6.6,6
"1498",1,76,6,"Male",16,4,4
"1499",2,76,5,"Female",16,4.5,5
"1500",3,76,5,"Male",16,3.5,4
"1501",4,76,5,"Female",16,5.2,5
"1502",5,76,6,"Female",16,5.5,6
"1503",6,76,5,"Male",16,5,4
"1504",7,76,6,"Male",16,5.1,5
"1505",8,76,3,"Female",16,3.8,4
"1506",9,76,5,"Female",16,6,6
"1507",10,76,5,"Male",16,4,4
"1508",11,76,5,"Male",16,3.2,4
"1509",12,76,5,"Female",16,6.1,4
"1510",13,76,5,"Male",16,4.5,4
"1511",14,76,4,"Male",16,3.6,4
"1512",15,76,5,"Male",16,5.2,4
"1513",16,76,5,"Female",16,4.8,5
"1514",17,76,4,"Female",16,3.9,5
"1515",18,76,4,"Male",16,4.4,5
"1516",1,77,8,"Male",3,6,5
"1517",2,77,7,"Female",3,5.3,7
"1518",3,77,6,"Female",3,5.5,5
"1519",4,77,7,"Female",3,6.1,6
"1520",5,77,7,"Female",3,6.2,6
"1521",6,77,5,"Male",3,2.9,3
"1522",7,77,6,"Female",3,5.6,4
"1523",8,77,5,"Male",3,4.3,4
"1524",9,77,7,"Female",3,6.5,6
"1525",10,77,6,"Male",3,4,4
"1526",11,77,5,"Male",3,3,3
"1527",12,77,6,"Male",3,4.5,5
"1528",13,77,7,"Male",3,3.9,5
"1529",14,77,7,"Male",3,3.8,4
"1530",15,77,5,"Male",3,2.5,3
"1531",16,77,6,"Male",3,3.2,3
"1532",17,77,6,"Female",3,4.3,5
"1533",18,77,7,"Female",3,6.7,6
"1534",19,77,7,"Male",3,4.5,4
"1535",1,78,5,"Male",23,3.7,4
"1536",2,78,6,"Female",23,5.4,5
"1537",3,78,4,"Female",23,5.6,5
"1538",4,78,7,"Male",23,5.6,5
"1539",5,78,5,"Male",23,3.8,4
"1540",6,78,5,"Female",23,6.4,5
"1541",7,78,6,"Male",23,4.4,6
"1542",8,78,6,"Female",23,7.1,7
"1543",9,78,5,"Male",23,4.1,4
"1544",10,78,3,"Male",23,3.9,5
"1545",11,78,4,"Male",23,3.9,4
"1546",12,78,6,"Male",23,5.3,5
"1547",13,78,3,"Female",23,5.2,6
"1548",14,78,7,"Female",23,5.4,7
"1549",15,78,6,"Male",23,5.3,5
"1550",16,78,4,"Male",23,3.7,3
"1551",17,78,3,"Female",23,4.9,5
"1552",18,78,7,"Female",23,6,6
"1553",1,79,6,"Female",15,6.7,7
"1554",2,79,6,"Male",15,5,6
"1555",3,79,6,"Male",15,4,5
"1556",4,79,4,"Male",15,4.7,5
"1557",5,79,7,"Female",15,7.4,7
"1558",6,79,4,"Male",15,4,4
"1559",7,79,5,"Male",15,3.5,5
"1560",8,79,5,"Male",15,4.9,6
"1561",9,79,3,"Male",15,3.2,3
"1562",10,79,5,"Female",15,6.3,6
"1563",11,79,6,"Female",15,6.6,6
"1564",12,79,6,"Female",15,5.5,6
"1565",13,79,5,"Female",15,5.9,5
"1566",14,79,5,"Male",15,4.8,5
"1567",15,79,6,"Female",15,7.4,7
"1568",16,79,4,"Male",15,4.2,4
"1569",17,79,5,"Male",15,5.5,6
"1570",18,79,6,"Male",15,5.9,5
"1571",19,79,5,"Male",15,4,3
"1572",20,79,6,"Male",15,4.3,5
"1573",1,80,4,"Male",23,4.2,4
"1574",2,80,4,"Female",23,5.2,6
"1575",3,80,4,"Male",23,2.7,3
"1576",4,80,5,"Female",23,5.8,6
"1577",5,80,5,"Male",23,4.7,4
"1578",6,80,6,"Male",23,2,2
"1579",7,80,4,"Male",23,4.5,3
"1580",8,80,4,"Female",23,5.4,5
"1581",9,80,6,"Female",23,5.4,5
"1582",10,80,5,"Male",23,3.5,3
"1583",11,80,6,"Male",23,5.3,5
"1584",12,80,5,"Male",23,2.8,3
"1585",13,80,5,"Female",23,5.3,5
"1586",14,80,5,"Female",23,4.6,6
"1587",15,80,6,"Male",23,3.8,5
"1588",16,80,5,"Male",23,3.6,2
"1589",17,80,2,"Male",23,3.7,3
"1590",18,80,4,"Female",23,4.6,5
"1591",19,80,6,"Female",23,3.7,3
"1592",20,80,4,"Female",23,5.6,5
"1593",1,81,4,"Male",8,2.4,2
"1594",2,81,6,"Male",8,4.6,4
"1595",3,81,6,"Male",8,3.9,3
"1596",4,81,6,"Female",8,4.8,5
"1597",5,81,6,"Female",8,6,6
"1598",6,81,5,"Female",8,3.7,5
"1599",7,81,5,"Male",8,4.1,4
"1600",8,81,5,"Female",8,4.5,4
"1601",9,81,6,"Female",8,4.8,5
"1602",10,81,4,"Male",8,3.3,4
"1603",11,81,7,"Male",8,3.9,4
"1604",12,81,5,"Female",8,5.2,4
"1605",13,81,6,"Male",8,4.9,3
"1606",14,81,7,"Female",8,6,5
"1607",15,81,5,"Male",8,2.7,3
"1608",16,81,4,"Male",8,2.7,3
"1609",17,81,6,"Male",8,4.4,4
"1610",18,81,5,"Female",8,4.6,3
"1611",19,81,6,"Female",8,5.3,4
"1612",20,81,5,"Male",8,4.1,4
"1613",21,81,7,"Male",8,4.5,3
"1614",1,82,4,"Male",8,1.4,1
"1615",2,82,5,"Male",8,2.8,2
"1616",3,82,6,"Male",8,2.5,3
"1617",4,82,9,"Male",8,4.2,4
"1618",5,82,5,"Male",8,3.1,2
"1619",6,82,5,"Male",8,1.1,1
"1620",7,82,7,"Male",8,4.2,3
"1621",8,82,6,"Male",8,2.4,2
"1622",9,82,5,"Male",8,0,1
"1623",10,82,5,"Male",8,2.5,3
"1624",11,82,5,"Male",8,1.7,2
"1625",12,82,5,"Male",8,1.9,2
"1626",13,82,4,"Male",8,0.9,1
"1627",14,82,6,"Male",8,1.8,2
"1628",15,82,6,"Male",8,3.6,5
"1629",16,82,5,"Male",8,3.7,4
"1630",17,82,6,"Male",8,4,5
"1631",18,82,6,"Male",8,4.3,4
"1632",19,82,6,"Male",8,1.3,1
"1633",20,82,5,"Male",8,3.2,3
"1634",21,82,7,"Male",8,3.9,5
"1635",1,83,4,"Male",24,5.7,6
"1636",2,83,6,"Male",24,6.3,5
"1637",3,83,5,"Female",24,6.1,6
"1638",4,83,6,"Female",24,5.7,5
"1639",5,83,7,"Female",24,7,6
"1640",6,83,5,"Male",24,5.4,6
"1641",7,83,7,"Female",24,7.6,6
"1642",8,83,3,"Female",24,6.4,7
"1643",9,83,5,"Female",24,5.9,6
"1644",10,83,5,"Male",24,4.5,5
"1645",11,83,4,"Female",24,6,6
"1646",12,83,6,"Female",24,7.1,7
"1647",13,83,5,"Female",24,6.2,7
"1648",14,83,4,"Female",24,6.7,6
"1649",15,83,4,"Male",24,5,4
"1650",16,83,6,"Female",24,7.6,8
"1651",17,83,7,"Male",24,5.3,6
"1652",18,83,5,"Male",24,5.9,6
"1653",1,84,5,"Female",22,5.6,6
"1654",2,84,4,"Male",22,4.9,6
"1655",3,84,5,"Female",22,7.1,8
"1656",4,84,5,"Female",22,8.1,7
"1657",5,84,6,"Male",22,6.2,5
"1658",6,84,6,"Male",22,6.6,7
"1659",7,84,3,"Female",22,6.4,7
"1660",8,84,5,"Male",22,5,5
"1661",9,84,5,"Male",22,5.6,5
"1662",10,84,5,"Female",22,7.5,9
"1663",11,84,6,"Female",22,6.5,7
"1664",12,84,5,"Male",22,5.6,5
"1665",13,84,4,"Male",22,5.3,5
"1666",14,84,5,"Male",22,7.3,6
"1667",15,84,5,"Female",22,6.6,7
"1668",16,84,5,"Female",22,6.2,6
"1669",17,84,4,"Male",22,5.8,6
"1670",18,84,5,"Female",22,7.6,7
"1671",19,84,4,"Female",22,7.1,7
"1672",20,84,4,"Female",22,6.6,6
"1673",21,84,3,"Male",22,4.3,4
"1674",1,85,7,"Female",16,6.8,7
"1675",2,85,3,"Female",16,6,7
"1676",3,85,6,"Female",16,5.1,6
"1677",4,85,5,"Female",16,7.8,8
"1678",5,85,6,"Female",16,7.8,8
"1679",6,85,6,"Female",16,5.5,6
"1680",7,85,4,"Female",16,6.8,7
"1681",8,85,5,"Female",16,5.2,6
"1682",9,85,4,"Female",16,6.4,7
"1683",10,85,5,"Female",16,7.7,7
"1684",11,85,7,"Female",16,6.6,7
"1685",12,85,5,"Female",16,4.7,5
"1686",13,85,5,"Female",16,6.5,8
"1687",14,85,6,"Female",16,7.1,8
"1688",15,85,4,"Female",16,6.3,6
"1689",16,85,5,"Female",16,7,7
"1690",17,85,5,"Female",16,5.4,6
"1691",18,85,5,"Female",16,6.1,5
"1692",19,85,4,"Female",16,6.5,6
"1693",20,85,4,"Female",16,6,5
"1694",21,85,7,"Female",16,7.4,8
"1695",22,85,4,"Female",16,6.7,7
"1696",1,86,4,"Male",4,2.4,2
"1697",2,86,6,"Female",4,5.6,5
"1698",3,86,7,"Male",4,4.7,4
"1699",4,86,7,"Male",4,4.3,4
"1700",5,86,6,"Female",4,4.1,4
"1701",6,86,6,"Female",4,4.6,5
"1702",7,86,7,"Female",4,4.6,5
"1703",8,86,7,"Male",4,3.2,3
"1704",9,86,7,"Male",4,2.2,2
"1705",10,86,6,"Male",4,3,4
"1706",11,86,6,"Male",4,4.3,3
"1707",12,86,5,"Male",4,2.9,2
"1708",13,86,7,"Female",4,5.6,5
"1709",14,86,5,"Male",4,2.9,2
"1710",15,86,6,"Female",4,4.3,5
"1711",16,86,7,"Female",4,5.2,5
"1712",17,86,8,"Female",4,6.2,6
"1713",18,86,4,"Female",4,3.5,3
"1714",19,86,6,"Male",4,3.7,3
"1715",20,86,4,"Male",4,2.9,4
"1716",21,86,4,"Male",4,2,2
"1717",22,86,7,"Female",4,5,5
"1718",1,87,7,"Male",2,2.9,3
"1719",2,87,7,"Female",2,6.1,6
"1720",3,87,8,"Female",2,7,6
"1721",4,87,10,"Female",2,7.3,9
"1722",5,87,8,"Female",2,6.2,7
"1723",6,87,8,"Male",2,6.1,6
"1724",7,87,6,"Female",2,5.4,5
"1725",8,87,9,"Female",2,6.9,7
"1726",9,87,8,"Male",2,4.1,4
"1727",10,87,8,"Female",2,6.1,6
"1728",11,87,5,"Male",2,2,3
"1729",12,87,6,"Male",2,3.5,3
"1730",13,87,9,"Female",2,7.1,7
"1731",14,87,8,"Female",2,6.4,6
"1732",15,87,8,"Female",2,5.9,6
"1733",16,87,7,"Male",2,5.5,4
"1734",17,87,10,"Male",2,5.6,6
"1735",18,87,9,"Female",2,7.7,6
"1736",19,87,8,"Male",2,4.6,5
"1737",20,87,9,"Male",2,4.4,5
"1738",21,87,8,"Female",2,6.4,7
"1739",1,88,6,"Female",13,5.5,5
"1740",2,88,4,"Male",13,3.8,4
"1741",3,88,6,"Female",13,6,6
"1742",4,88,5,"Female",13,5.9,5
"1743",5,88,5,"Female",13,5.7,5
"1744",6,88,4,"Female",13,3.3,5
"1745",7,88,5,"Female",13,5.1,6
"1746",8,88,4,"Male",13,2.7,2
"1747",9,88,6,"Male",13,4.7,5
"1748",10,88,5,"Male",13,4.4,4
"1749",11,88,6,"Female",13,6.4,4
"1750",12,88,4,"Female",13,4.3,4
"1751",13,88,4,"Male",13,3.3,3
"1752",14,88,7,"Male",13,3.1,4
"1753",15,88,4,"Male",13,2.5,3
"1754",16,88,3,"Female",13,5.3,5
"1755",17,88,5,"Female",13,6.2,5
"1756",18,88,5,"Male",13,4.6,5
"1757",19,88,5,"Male",13,5,5
"1758",20,88,7,"Female",13,6.1,5
"1759",21,88,4,"Male",13,4,2
"1760",22,88,4,"Male",13,3.6,4
"1761",23,88,4,"Male",13,3.3,5
"1762",1,89,4,"Female",13,4.5,5
"1763",2,89,7,"Female",13,5.8,6
"1764",3,89,5,"Female",13,5.7,5
"1765",4,89,5,"Male",13,5,4
"1766",5,89,6,"Female",13,5.5,6
"1767",6,89,5,"Female",13,6.9,7
"1768",7,89,5,"Female",13,5.7,6
"1769",8,89,5,"Female",13,6.2,6
"1770",9,89,4,"Male",13,4,3
"1771",10,89,5,"Male",13,3.4,4
"1772",11,89,7,"Female",13,6.8,6
"1773",12,89,6,"Female",13,6,5
"1774",13,89,6,"Male",13,5.4,5
"1775",14,89,4,"Male",13,2,4
"1776",15,89,5,"Male",13,3.2,4
"1777",16,89,5,"Male",13,4.9,4
"1778",17,89,5,"Female",13,5.2,6
"1779",18,89,6,"Male",13,4.1,5
"1780",1,90,7,"Female",3,6.5,7
"1781",2,90,6,"Male",3,4.2,4
"1782",3,90,7,"Male",3,5.4,5
"1783",4,90,7,"Male",3,4.9,5
"1784",5,90,5,"Female",3,4.1,4
"1785",6,90,7,"Male",3,5.1,5
"1786",7,90,9,"Female",3,7.1,6
"1787",8,90,6,"Male",3,3.8,4
"1788",9,90,7,"Female",3,5,6
"1789",10,90,7,"Female",3,6.3,6
"1790",11,90,7,"Male",3,4.9,4
"1791",12,90,8,"Female",3,5.9,7
"1792",13,90,8,"Female",3,6.2,6
"1793",14,90,8,"Female",3,5.2,6
"1794",15,90,7,"Female",3,6.2,6
"1795",16,90,9,"Female",3,7.7,8
"1796",17,90,8,"Female",3,6.5,7
"1797",18,90,7,"Female",3,4.9,5
"1798",19,90,8,"Male",3,5.1,5
"1799",20,90,6,"Female",3,5,5
"1800",21,90,7,"Female",3,5.7,6
"1801",22,90,6,"Male",3,5.3,5
"1802",23,90,8,"Male",3,5.6,5
"1803",1,91,7,"Male",16,4.6,6
"1804",2,91,4,"Female",16,5,5
"1805",3,91,3,"Female",16,5.7,4
"1806",4,91,5,"Male",16,4,4
"1807",5,91,5,"Female",16,4.9,5
"1808",6,91,4,"Male",16,4,3
"1809",7,91,7,"Female",16,7.7,6
"1810",8,91,4,"Male",16,3.8,5
"1811",9,91,5,"Male",16,6.1,5
"1812",10,91,5,"Male",16,4,4
"1813",11,91,6,"Female",16,5.9,6
"1814",12,91,5,"Female",16,5.1,5
"1815",13,91,4,"Male",16,3.5,3
"1816",14,91,7,"Female",16,7.1,7
"1817",15,91,4,"Female",16,5.2,4
"1818",16,91,5,"Male",16,4.8,4
"1819",17,91,7,"Male",16,4.2,5
"1820",18,91,7,"Female",16,5.4,6
"1821",1,92,4,"Male",16,4.4,4
"1822",2,92,4,"Male",16,4.2,4
"1823",3,92,4,"Male",16,3,3
"1824",4,92,4,"Male",16,4,4
"1825",5,92,4,"Female",16,3.8,5
"1826",6,92,6,"Female",16,4.8,6
"1827",7,92,4,"Male",16,4,4
"1828",8,92,5,"Male",16,5,4
"1829",9,92,4,"Male",16,2.1,3
"1830",10,92,3,"Male",16,3.4,3
"1831",11,92,5,"Female",16,5.2,5
"1832",12,92,6,"Male",16,4.8,4
"1833",13,92,3,"Male",16,3.8,5
"1834",14,92,4,"Female",16,5.9,6
"1835",15,92,4,"Male",16,3.5,3
"1836",16,92,5,"Male",16,4,4
"1837",17,92,4,"Male",16,2.8,3
"1838",1,93,5,"Female",10,5.2,5
"1839",2,93,7,"Female",10,5.7,5
"1840",3,93,4,"Female",10,5.1,4
"1841",4,93,5,"Male",10,4.5,4
"1842",5,93,6,"Male",10,4.4,4
"1843",6,93,5,"Female",10,5.9,6
"1844",7,93,7,"Male",10,6.6,6
"1845",8,93,5,"Male",10,3,4
"1846",9,93,5,"Male",10,4,3
"1847",10,93,5,"Female",10,4.3,4
"1848",11,93,6,"Male",10,4.2,6
"1849",12,93,6,"Male",10,5.2,4
"1850",13,93,5,"Male",10,3.3,4
"1851",14,93,7,"Female",10,5.6,6
"1852",15,93,6,"Female",10,6.1,7
"1853",16,93,3,"Male",10,2.8,4
"1854",17,93,5,"Female",10,4.4,5
"1855",18,93,5,"Male",10,3.4,4
"1856",19,93,4,"Male",10,3.6,4
"1857",20,93,5,"Male",10,4.4,4
"1858",1,94,5,"Male",21,4,4
"1859",2,94,5,"Male",21,5.6,5
"1860",3,94,4,"Female",21,6,6
"1861",4,94,5,"Female",21,6.6,6
"1862",5,94,6,"Male",21,6.3,6
"1863",6,94,6,"Female",21,5.7,6
"1864",7,94,6,"Female",21,6.1,6
"1865",8,94,6,"Female",21,5.3,6
"1866",9,94,5,"Female",21,5.7,6
"1867",10,94,5,"Male",21,4.9,5
"1868",11,94,2,"Male",21,4.1,4
"1869",12,94,5,"Male",21,4,4
"1870",13,94,7,"Female",21,6,7
"1871",14,94,3,"Male",21,3.9,4
"1872",15,94,4,"Male",21,4.7,4
"1873",16,94,4,"Female",21,7.2,8
"1874",1,95,5,"Male",15,4.4,4
"1875",2,95,5,"Female",15,4.9,5
"1876",3,95,3,"Male",15,4.1,4
"1877",4,95,7,"Male",15,5,5
"1878",5,95,5,"Male",15,4.1,5
"1879",6,95,3,"Female",15,4.9,5
"1880",7,95,5,"Male",15,3.1,4
"1881",8,95,4,"Male",15,4.1,5
"1882",9,95,5,"Female",15,5.1,5
"1883",10,95,5,"Male",15,5.3,4
"1884",11,95,6,"Male",15,4.5,6
"1885",12,95,6,"Female",15,5.7,7
"1886",13,95,6,"Female",15,7.5,7
"1887",14,95,4,"Female",15,5.3,5
"1888",15,95,5,"Female",15,6.3,5
"1889",16,95,5,"Female",15,5.8,6
"1890",17,95,5,"Female",15,5.9,6
"1891",18,95,6,"Male",15,4.9,4
"1892",19,95,7,"Male",15,3.9,4
"1893",20,95,5,"Female",15,5.4,5
"1894",21,95,4,"Male",15,4.3,4
"1895",1,96,6,"Female",13,6.1,6
"1896",2,96,5,"Female",13,6.7,6
"1897",3,96,6,"Male",13,3.9,5
"1898",4,96,6,"Male",13,5,5
"1899",5,96,5,"Male",13,6.4,6
"1900",6,96,6,"Female",13,7,5
"1901",7,96,6,"Male",13,4.5,4
"1902",8,96,6,"Male",13,4.6,5
"1903",9,96,4,"Male",13,4.4,4
"1904",10,96,4,"Female",13,4.9,6
"1905",11,96,5,"Female",13,7.4,7
"1906",12,96,4,"Female",13,4.9,6
"1907",13,96,8,"Male",13,7.1,7
"1908",14,96,5,"Male",13,5.4,4
"1909",15,96,5,"Female",13,5,5
"1910",16,96,6,"Female",13,6,7
"1911",17,96,4,"Female",13,5,6
"1912",18,96,3,"Male",13,3.2,4
"1913",19,96,5,"Male",13,4.7,5
"1914",20,96,4,"Male",13,4,4
"1915",21,96,5,"Female",13,7.2,7
"1916",1,97,5,"Male",9,4.2,5
"1917",2,97,7,"Male",9,4.3,4
"1918",3,97,5,"Male",9,2.5,3
"1919",4,97,3,"Male",9,2.1,3
"1920",5,97,4,"Male",9,2.8,3
"1921",6,97,5,"Male",9,3.4,4
"1922",7,97,5,"Male",9,3.4,4
"1923",8,97,4,"Male",9,2.9,3
"1924",9,97,5,"Male",9,4.1,4
"1925",10,97,5,"Male",9,3.6,3
"1926",11,97,4,"Male",9,2.2,2
"1927",12,97,4,"Male",9,2.6,3
"1928",13,97,4,"Male",9,3,2
"1929",14,97,4,"Male",9,3.6,3
"1930",15,97,3,"Male",9,1.6,2
"1931",16,97,6,"Male",9,4.9,5
"1932",17,97,4,"Male",9,2.6,2
"1933",18,97,7,"Male",9,6.2,7
"1934",19,97,6,"Male",9,5.5,5
"1935",20,97,5,"Male",9,4.3,5
"1936",21,97,5,"Male",9,3.3,3
"1937",1,98,3,"Male",25,5.8,5
"1938",2,98,4,"Female",25,5.9,6
"1939",3,98,4,"Male",25,4.9,5
"1940",4,98,6,"Female",25,5.3,5
"1941",5,98,5,"Female",25,6.7,6
"1942",6,98,7,"Female",25,6.4,6
"1943",7,98,5,"Male",25,6.1,6
"1944",8,98,5,"Female",25,7.1,6
"1945",9,98,5,"Male",25,4.6,5
"1946",10,98,3,"Male",25,5.7,5
"1947",11,98,5,"Female",25,7.2,6
"1948",12,98,6,"Female",25,8.2,8
"1949",13,98,6,"Male",25,5.6,6
"1950",14,98,5,"Female",25,7.3,7
"1951",15,98,6,"Female",25,6.5,6
"1952",16,98,5,"Male",25,5.5,5
"1953",17,98,4,"Female",25,6.7,6
"1954",18,98,4,"Female",25,6.1,6
"1955",19,98,7,"Female",25,6.8,6
"1956",20,98,5,"Female",25,7.2,7
"1957",21,98,6,"Female",25,6.5,5
"1958",1,99,5,"Male",21,3.4,5
"1959",2,99,5,"Male",21,5.1,5
"1960",3,99,3,"Male",21,3.5,4
"1961",4,99,5,"Male",21,3.8,4
"1962",5,99,5,"Female",21,4.5,6
"1963",6,99,4,"Female",21,4.2,5
"1964",7,99,6,"Male",21,5.3,3
"1965",8,99,6,"Female",21,6.2,6
"1966",9,99,5,"Female",21,5.2,6
"1967",10,99,5,"Female",21,8,7
"1968",11,99,4,"Male",21,4.4,4
"1969",12,99,6,"Female",21,7.4,7
"1970",13,99,4,"Male",21,4.1,4
"1971",14,99,5,"Male",21,5,5
"1972",15,99,4,"Female",21,5.8,5
"1973",16,99,5,"Male",21,4.4,4
"1974",17,99,3,"Male",21,2.9,4
"1975",18,99,4,"Male",21,3.5,4
"1976",19,99,5,"Female",21,5.4,6
"1977",20,99,5,"Female",21,5.9,5
"1978",21,99,5,"Male",21,4.6,5
"1979",22,99,5,"Male",21,4.8,4
"1980",23,99,5,"Male",21,4.2,4
"1981",1,100,5,"Male",7,3.9,4
"1982",2,100,6,"Male",7,3.7,5
"1983",3,100,7,"Female",7,6.1,7
"1984",4,100,3,"Male",7,1.7,2
"1985",5,100,7,"Female",7,5.9,5
"1986",6,100,7,"Female",7,6.1,7
"1987",7,100,7,"Male",7,4.3,5
"1988",8,100,5,"Male",7,3.9,4
"1989",9,100,5,"Male",7,1.1,1
"1990",10,100,5,"Male",7,1.4,2
"1991",11,100,5,"Male",7,1.9,3
"1992",12,100,6,"Female",7,4.9,6
"1993",13,100,7,"Female",7,6.5,6
"1994",14,100,5,"Female",7,3.7,3
"1995",15,100,5,"Female",7,5.2,4
"1996",16,100,4,"Female",7,4.3,5
"1997",17,100,4,"Male",7,2.6,2
"1998",18,100,8,"Female",7,6.7,7
"1999",19,100,5,"Male",7,2.9,3
"2000",20,100,9,"Male",7,5.3,5
